Code fournisseur;libelle fournisseur;num article interne;type web;libelle article;code groupe;libelle groupe;code famille;libelle famille;code sous famille ;libelle sous famille;collection;modele;matiere;couleur;divers;photo;libelle taille;quantite;gencod interne;gencod fournisseur;pvttc;pvpromo;code tva;taux tva;;;;;;;;;;;;;;;;;;;;;;;;;;;;;;;;
ATAN;SIDEON;001102106;1;;6;GLISSE MER;2;SURF MER;1;ACCESSOIRE SURF EAU;H18;CRJ15W;;;;;TU;1;9001102106011;;25.00;25.00;1;20
ATAN;SIDEON;001109710;1;GREEMENT 2M²;6;GLISSE MER;0;PLANCHE A VOILE;8;ACCESSOIRES PLANCHE A VOILE;H19;KL200;;2M;;;TU;1;9001109710013;;24.00;24.00;1;20
ATAN;SIDEON;001087837;1;;6;GLISSE MER;1;WAKEBOARD;2;ACCESSOIRES DE WAKE /SKI NAUTI;H19;KV145;;HOUWA;;;TU;1;9001087837016;;51.00;51.00;1;20
ATAN;SIDEON;001107367;1;;6;GLISSE MER;0;PLANCHE A VOILE;2;VOILE NEUVE;E19;M150.2;;;;;TU;1;9001107367011;;221.00;221.00;1;20
ATAN;SIDEON;001107369;1;FIN FOIL PROTECTION;6;GLISSE MER;0;PLANCHE A VOILE;8;ACCESSOIRES PLANCHE A VOILE;H19;TRFP110;;;;;TU;1;9001107369015;;69.00;69.00;1;20
BIC;BIC SPORT;001109730;1;;6;GLISSE MER;2;SURF MER;0;SURF D'EAU;H19;DARKHORS;;6'8;;;TU;1;9001109730011;;349.00;349.00;1;20
BIC;BIC SPORT;001101144;1;HOUSSE OXBOW;6;GLISSE MER;2;SURF MER;1;ACCESSOIRE SURF EAU;E19;OXBOWBAG;;14;;;TU;2;9001101144014;;179.00;179.00;1;20
BILLA;BILLABONG GSM EUROPE;001100361;1;CASQUETTE FEMME BILLABONG;2;TEXTILE FEMME;8;TEXTILE FEMME ACCESSOIRE;7;CASQUETTE/BONNET/CHAPEAU;E18;H9CT01;E18;19;;;TU;1;9001100361016;;25.00;25.00;1;20
BLUNT;SDG DISTRIBUTION;001102298;1;TROTINETTE ACCESSOIRE;8;GLISSE STREET;0;SKATE SHORTBOARD;3;TROTINETTE/PATINETTE;E19;CLAMP2;;SLITBL;;;TU;1;9001102298013;;12.00;12.00;1;20
BLUNT;SDG DISTRIBUTION;001080682;1;;8;GLISSE STREET;1;SKATE LONGBOARD;2;ACCESSOIRES TROTINETTE;E15;DECK AOS;V3;PETERS;;;TU;1;9001080682019;;159.00;159.00;1;20
BLUNT;SDG DISTRIBUTION;001103788;1;TROTINETTE COMPLETE;8;GLISSE STREET;0;SKATE SHORTBOARD;3;TROTINETTE/PATINETTE;H19;PRODIGS7;;SCRATC;;;TU;1;9001103788018;;220.00;220.00;1;20
BLUNT;SDG DISTRIBUTION;001101752;1;;8;GLISSE STREET;1;SKATE LONGBOARD;2;ACCESSOIRES TROTINETTE;H18;WHEELFAS;;JETCHR;;;TU;1;9001101752011;;39.00;39.00;1;20
BURTON;BURTON;001103829;1;FIXATION BURTON;7;GLISSE NEIGE;0;SURF DES NEIGES;5;FIXATION SNOW;H18;CARTELES;2019;BLKMAT;;;XS;0;9001103829018;;290.00;290.00;1;20
BURTON;BURTON;001103829;1;FIXATION BURTON;7;GLISSE NEIGE;0;SURF DES NEIGES;5;FIXATION SNOW;H18;CARTELES;2019;BLKMAT;;;S;0;9001103829032;;290.00;290.00;1;20
BURTON;BURTON;001103829;1;FIXATION BURTON;7;GLISSE NEIGE;0;SURF DES NEIGES;5;FIXATION SNOW;H18;CARTELES;2019;BLKMAT;;;M;0;9001103829056;;290.00;290.00;1;20
BURTON;BURTON;001103829;1;FIXATION BURTON;7;GLISSE NEIGE;0;SURF DES NEIGES;5;FIXATION SNOW;H18;CARTELES;2019;BLKMAT;;;L;1;9001103829070;;290.00;290.00;1;20
BURTON;BURTON;001103829;1;FIXATION BURTON;7;GLISSE NEIGE;0;SURF DES NEIGES;5;FIXATION SNOW;H18;CARTELES;2019;BLKMAT;;;XL;0;9001103829087;;290.00;290.00;1;20
BURTON;BURTON;001103829;1;FIXATION BURTON;7;GLISSE NEIGE;0;SURF DES NEIGES;5;FIXATION SNOW;H18;CARTELES;2019;BLKMAT;;;XXL;0;9001103829094;;290.00;290.00;1;20
B_M;board and more;001106462;1;;6;GLISSE MER;0;PLANCHE A VOILE;7;HARNAIS;H19;APEX7;;BLKBLU;;;XXS;0;9001106462014;;199.95;199.95;1;20
B_M;board and more;001106462;1;;6;GLISSE MER;0;PLANCHE A VOILE;7;HARNAIS;H19;APEX7;;BLKBLU;;;XS;0;9001106462021;;199.95;199.95;1;20
B_M;board and more;001106462;1;;6;GLISSE MER;0;PLANCHE A VOILE;7;HARNAIS;H19;APEX7;;BLKBLU;;;S;0;9001106462038;;199.95;199.95;1;20
B_M;board and more;001106462;1;;6;GLISSE MER;0;PLANCHE A VOILE;7;HARNAIS;H19;APEX7;;BLKBLU;;;M;1;9001106462052;;199.95;199.95;1;20
B_M;board and more;001106462;1;;6;GLISSE MER;0;PLANCHE A VOILE;7;HARNAIS;H19;APEX7;;BLKBLU;;;L;0;9001106462069;;199.95;199.95;1;20
B_M;board and more;001106462;1;;6;GLISSE MER;0;PLANCHE A VOILE;7;HARNAIS;H19;APEX7;;BLKBLU;;;XL;0;9001106462076;;199.95;199.95;1;20
B_M;board and more;001106462;1;;6;GLISSE MER;0;PLANCHE A VOILE;7;HARNAIS;H19;APEX7;;BLKBLU;;;XXL;0;9001106462083;;199.95;199.95;1;20
B_M;board and more;001103967;1;NTH;6;GLISSE MER;6;KITESURF;2;ACCESSOIRE KITE;H19;BARRE;2019;QUAD24;;;TU;1;9001103967017;;449.00;449.00;1;20
B_M;board and more;001103139;1;;6;GLISSE MER;6;KITESURF;1;AILE DE KITE;H19;DICE;2019;10;;;TU;1;9001103139018;;1449.00;1449.00;1;20
B_M;board and more;001094225;2;;6;GLISSE MER;2;SURF MER;1;ACCESSOIRE SURF EAU;E19;DRIFTSTO;;;;;TU;0;9001094225011;;99.00;99.00;1;20
B_M;board and more;001106468;1;;6;GLISSE MER;6;KITESURF;2;ACCESSOIRE KITE;E19;GEARBAGC;2019;165BLU;;;TU;1;9001106468016;;149.95;149.95;1;20
B_M;board and more;001108890;1;;6;GLISSE MER;6;KITESURF;0;PLANCHE DE KITE;H19;GONZALES;2019;151;;;TU;1;9001108890013;;499.00;499.00;1;20
B_M;board and more;001107371;1;;6;GLISSE MER;6;KITESURF;1;AILE DE KITE;H19;JUICE;2019;17;;;TU;1;9001107371018;;2049.00;2049.00;1;20
B_M;board and more;001106457;1;;6;GLISSE MER;1;WAKEBOARD;4;GILET FEMME;H19;LUNIS;2019;BLK;;;L4;0;9001106457010;;119.90;119.90;1;20
B_M;board and more;001106457;1;;6;GLISSE MER;1;WAKEBOARD;4;GILET FEMME;H19;LUNIS;2019;BLK;;;L6;1;9001106457027;;119.90;119.90;1;20
B_M;board and more;001106457;1;;6;GLISSE MER;1;WAKEBOARD;4;GILET FEMME;H19;LUNIS;2019;BLK;;;L8;0;9001106457034;;119.90;119.90;1;20
B_M;board and more;001106457;1;;6;GLISSE MER;1;WAKEBOARD;4;GILET FEMME;H19;LUNIS;2019;BLK;;;L10;0;9001106457041;;119.90;119.90;1;20
B_M;board and more;001106457;1;;6;GLISSE MER;1;WAKEBOARD;4;GILET FEMME;H19;LUNIS;2019;BLK;;;L12;0;9001106457058;;119.90;119.90;1;20
B_M;board and more;001106457;1;;6;GLISSE MER;1;WAKEBOARD;4;GILET FEMME;H19;LUNIS;2019;BLK;;;L14;0;9001106457065;;119.90;119.90;1;20
B_M;board and more;001106457;1;;6;GLISSE MER;1;WAKEBOARD;4;GILET FEMME;H19;LUNIS;2019;BLK;;;L16;0;9001106457072;;119.90;119.90;1;20
B_M;board and more;001107375;1;POMPE;6;GLISSE MER;6;KITESURF;2;ACCESSOIRE KITE;H19;POMPE;2019;;;;TU;3;9001107375016;;44.90;44.90;1;20
B_M;board and more;001110195;1;DUOTONE;6;GLISSE MER;6;KITESURF;0;PLANCHE DE KITE;H19;PROVOKE;2019;5'1;;;TU;1;9001110195014;;999.00;999.00;1;20
B_M;board and more;001099133;1;NORTH;6;GLISSE MER;6;KITESURF;0;PLANCHE DE KITE;H17;PROWAM;2018;6.0;;;TU;1;9001099133014;;999.00;999.00;1;20
B_M;board and more;001106511;1;;6;GLISSE MER;6;KITESURF;0;PLANCHE DE KITE;E19;PROWAM;2019;5.8;;;TU;1;9001106511019;;999.00;999.00;1;20
B_M;board and more;001099132;1;NTH;6;GLISSE MER;6;KITESURF;2;ACCESSOIRE KITE;E19;QUICKREL;2018;FREERI;;;TU;1;9001099132017;;59.00;59.00;1;20
B_M;board and more;001109286;1;;6;GLISSE MER;6;KITESURF;0;PLANCHE DE KITE;H19;SPIRITCA;2019;75;;;TU;1;9001109286013;;1199.00;1199.00;1;20
B_M;board and more;001098639;1;;6;GLISSE MER;2;SURF MER;3;Sup Padlle board;H17;STYLEMAS;2017;PURE;;;TU;1;9001098639012;;1299.00;1299.00;1;20
B_M;board and more;001107140;1;;6;GLISSE MER;6;KITESURF;2;ACCESSOIRE KITE;H19;VARIO;2019;COMBO;;;TU;2;9001107140010;;99.00;99.00;1;20
CINEX;COOL;001097350;1;SLAP COOL;4;CHAUSSURES;0;CHAUSSURE HOMME;2;SLAP H;E17;BREAK;;BLACK;;;34;0;9001097350017;;20.00;20.00;1;20
CINEX;COOL;001097350;1;SLAP COOL;4;CHAUSSURES;0;CHAUSSURE HOMME;2;SLAP H;E17;BREAK;;BLACK;;;35;0;9001097350024;;20.00;20.00;1;20
CINEX;COOL;001097350;1;SLAP COOL;4;CHAUSSURES;0;CHAUSSURE HOMME;2;SLAP H;E17;BREAK;;BLACK;;;36;0;9001097350031;;20.00;20.00;1;20
CINEX;COOL;001097350;1;SLAP COOL;4;CHAUSSURES;0;CHAUSSURE HOMME;2;SLAP H;E17;BREAK;;BLACK;;;36D;0;9001097350048;;20.00;20.00;1;20
CINEX;COOL;001097350;1;SLAP COOL;4;CHAUSSURES;0;CHAUSSURE HOMME;2;SLAP H;E17;BREAK;;BLACK;;;37;0;9001097350055;;20.00;20.00;1;20
CINEX;COOL;001097350;1;SLAP COOL;4;CHAUSSURES;0;CHAUSSURE HOMME;2;SLAP H;E17;BREAK;;BLACK;;;38;0;9001097350062;;20.00;20.00;1;20
CINEX;COOL;001097350;1;SLAP COOL;4;CHAUSSURES;0;CHAUSSURE HOMME;2;SLAP H;E17;BREAK;;BLACK;;;38D;0;9001097350079;;20.00;20.00;1;20
CINEX;COOL;001097350;1;SLAP COOL;4;CHAUSSURES;0;CHAUSSURE HOMME;2;SLAP H;E17;BREAK;;BLACK;;;39;0;9001097350086;;20.00;20.00;1;20
CINEX;COOL;001097350;1;SLAP COOL;4;CHAUSSURES;0;CHAUSSURE HOMME;2;SLAP H;E17;BREAK;;BLACK;;;40;0;9001097350093;;20.00;20.00;1;20
CINEX;COOL;001097350;1;SLAP COOL;4;CHAUSSURES;0;CHAUSSURE HOMME;2;SLAP H;E17;BREAK;;BLACK;;;40D;0;9001097350109;;20.00;20.00;1;20
CINEX;COOL;001097350;1;SLAP COOL;4;CHAUSSURES;0;CHAUSSURE HOMME;2;SLAP H;E17;BREAK;;BLACK;;;41;0;9001097350116;;20.00;20.00;1;20
CINEX;COOL;001097350;1;SLAP COOL;4;CHAUSSURES;0;CHAUSSURE HOMME;2;SLAP H;E17;BREAK;;BLACK;;;42;0;9001097350123;;20.00;20.00;1;20
CINEX;COOL;001097350;1;SLAP COOL;4;CHAUSSURES;0;CHAUSSURE HOMME;2;SLAP H;E17;BREAK;;BLACK;;;42D;0;9001097350130;;20.00;20.00;1;20
CINEX;COOL;001097350;1;SLAP COOL;4;CHAUSSURES;0;CHAUSSURE HOMME;2;SLAP H;E17;BREAK;;BLACK;;;43;1;9001097350147;;20.00;20.00;1;20
CINEX;COOL;001097350;1;SLAP COOL;4;CHAUSSURES;0;CHAUSSURE HOMME;2;SLAP H;E17;BREAK;;BLACK;;;44;0;9001097350154;;20.00;20.00;1;20
CINEX;COOL;001097350;1;SLAP COOL;4;CHAUSSURES;0;CHAUSSURE HOMME;2;SLAP H;E17;BREAK;;BLACK;;;44D;0;9001097350161;;20.00;20.00;1;20
CINEX;COOL;001097350;1;SLAP COOL;4;CHAUSSURES;0;CHAUSSURE HOMME;2;SLAP H;E17;BREAK;;BLACK;;;45;0;9001097350178;;20.00;20.00;1;20
CINEX;COOL;001097350;1;SLAP COOL;4;CHAUSSURES;0;CHAUSSURE HOMME;2;SLAP H;E17;BREAK;;BLACK;;;45D;0;9001097350185;;20.00;20.00;1;20
CINEX;COOL;001097350;1;SLAP COOL;4;CHAUSSURES;0;CHAUSSURE HOMME;2;SLAP H;E17;BREAK;;BLACK;;;47;0;9001097350192;;20.00;20.00;1;20
CINEX;COOL;001097350;1;SLAP COOL;4;CHAUSSURES;0;CHAUSSURE HOMME;2;SLAP H;E17;BREAK;;BLACK;;;48;0;9001097350208;;20.00;20.00;1;20
CINEX;COOL;001097356;1;SLAP COOL;4;CHAUSSURES;2;CHAUSSURE JUNIOR;2;SLAPS BOYS;E17;DONOVAN;;CS;;;18;0;9001097356019;;15.00;15.00;1;20
CINEX;COOL;001097356;1;SLAP COOL;4;CHAUSSURES;2;CHAUSSURE JUNIOR;2;SLAPS BOYS;E17;DONOVAN;;CS;;;19;0;9001097356026;;15.00;15.00;1;20
CINEX;COOL;001097356;1;SLAP COOL;4;CHAUSSURES;2;CHAUSSURE JUNIOR;2;SLAPS BOYS;E17;DONOVAN;;CS;;;20;0;9001097356033;;15.00;15.00;1;20
CINEX;COOL;001097356;1;SLAP COOL;4;CHAUSSURES;2;CHAUSSURE JUNIOR;2;SLAPS BOYS;E17;DONOVAN;;CS;;;21;0;9001097356040;;15.00;15.00;1;20
CINEX;COOL;001097356;1;SLAP COOL;4;CHAUSSURES;2;CHAUSSURE JUNIOR;2;SLAPS BOYS;E17;DONOVAN;;CS;;;22;0;9001097356057;;15.00;15.00;1;20
CINEX;COOL;001097356;1;SLAP COOL;4;CHAUSSURES;2;CHAUSSURE JUNIOR;2;SLAPS BOYS;E17;DONOVAN;;CS;;;23;0;9001097356064;;15.00;15.00;1;20
CINEX;COOL;001097356;1;SLAP COOL;4;CHAUSSURES;2;CHAUSSURE JUNIOR;2;SLAPS BOYS;E17;DONOVAN;;CS;;;24;0;9001097356071;;15.00;15.00;1;20
CINEX;COOL;001097356;1;SLAP COOL;4;CHAUSSURES;2;CHAUSSURE JUNIOR;2;SLAPS BOYS;E17;DONOVAN;;CS;;;25;1;9001097356088;;15.00;15.00;1;20
CINEX;COOL;001097356;1;SLAP COOL;4;CHAUSSURES;2;CHAUSSURE JUNIOR;2;SLAPS BOYS;E17;DONOVAN;;CS;;;26;0;9001097356095;;15.00;15.00;1;20
CINEX;COOL;001097356;1;SLAP COOL;4;CHAUSSURES;2;CHAUSSURE JUNIOR;2;SLAPS BOYS;E17;DONOVAN;;CS;;;27;0;9001097356101;;15.00;15.00;1;20
CINEX;COOL;001097356;1;SLAP COOL;4;CHAUSSURES;2;CHAUSSURE JUNIOR;2;SLAPS BOYS;E17;DONOVAN;;CS;;;28;0;9001097356118;;15.00;15.00;1;20
CINEX;COOL;001097356;1;SLAP COOL;4;CHAUSSURES;2;CHAUSSURE JUNIOR;2;SLAPS BOYS;E17;DONOVAN;;CS;;;29;0;9001097356125;;15.00;15.00;1;20
CINEX;COOL;001097356;1;SLAP COOL;4;CHAUSSURES;2;CHAUSSURE JUNIOR;2;SLAPS BOYS;E17;DONOVAN;;CS;;;30;0;9001097356132;;15.00;15.00;1;20
CINEX;COOL;001097356;1;SLAP COOL;4;CHAUSSURES;2;CHAUSSURE JUNIOR;2;SLAPS BOYS;E17;DONOVAN;;CS;;;31;0;9001097356149;;15.00;15.00;1;20
CINEX;COOL;001097356;1;SLAP COOL;4;CHAUSSURES;2;CHAUSSURE JUNIOR;2;SLAPS BOYS;E17;DONOVAN;;CS;;;32;0;9001097356156;;15.00;15.00;1;20
CINEX;COOL;001097356;1;SLAP COOL;4;CHAUSSURES;2;CHAUSSURE JUNIOR;2;SLAPS BOYS;E17;DONOVAN;;CS;;;33;0;9001097356163;;15.00;15.00;1;20
CINEX;COOL;001097356;1;SLAP COOL;4;CHAUSSURES;2;CHAUSSURE JUNIOR;2;SLAPS BOYS;E17;DONOVAN;;CS;;;34;0;9001097356170;;15.00;15.00;1;20
CINEX;COOL;001097356;1;SLAP COOL;4;CHAUSSURES;2;CHAUSSURE JUNIOR;2;SLAPS BOYS;E17;DONOVAN;;CS;;;16;0;9001097356187;;15.00;15.00;1;20
CINEX;COOL;001097356;1;SLAP COOL;4;CHAUSSURES;2;CHAUSSURE JUNIOR;2;SLAPS BOYS;E17;DONOVAN;;CS;;;17;0;9001097356194;;15.00;15.00;1;20
CINEX;COOL;001007148;1;SLAP COOL;4;CHAUSSURES;0;CHAUSSURE HOMME;2;SLAP H;E19;ORIGINAL;;BLACK;;;34;0;9001007148017;;27.99;27.99;1;20
CINEX;COOL;001007148;1;SLAP COOL;4;CHAUSSURES;0;CHAUSSURE HOMME;2;SLAP H;E19;ORIGINAL;;BLACK;;;35;0;9001007148024;;27.99;27.99;1;20
CINEX;COOL;001007148;1;SLAP COOL;4;CHAUSSURES;0;CHAUSSURE HOMME;2;SLAP H;E19;ORIGINAL;;BLACK;;;36;0;9001007148031;;27.99;27.99;1;20
CINEX;COOL;001007148;1;SLAP COOL;4;CHAUSSURES;0;CHAUSSURE HOMME;2;SLAP H;E19;ORIGINAL;;BLACK;;;36D;0;9001007148048;;27.99;27.99;1;20
CINEX;COOL;001007148;1;SLAP COOL;4;CHAUSSURES;0;CHAUSSURE HOMME;2;SLAP H;E19;ORIGINAL;;BLACK;;;37;0;9001007148055;;27.99;27.99;1;20
CINEX;COOL;001007148;1;SLAP COOL;4;CHAUSSURES;0;CHAUSSURE HOMME;2;SLAP H;E19;ORIGINAL;;BLACK;;;38;0;9001007148062;;27.99;27.99;1;20
CINEX;COOL;001007148;1;SLAP COOL;4;CHAUSSURES;0;CHAUSSURE HOMME;2;SLAP H;E19;ORIGINAL;;BLACK;;;38D;0;9001007148079;;27.99;27.99;1;20
CINEX;COOL;001007148;1;SLAP COOL;4;CHAUSSURES;0;CHAUSSURE HOMME;2;SLAP H;E19;ORIGINAL;;BLACK;;;39;0;9001007148086;;27.99;27.99;1;20
CINEX;COOL;001007148;1;SLAP COOL;4;CHAUSSURES;0;CHAUSSURE HOMME;2;SLAP H;E19;ORIGINAL;;BLACK;;;40;0;9001007148093;;27.99;27.99;1;20
CINEX;COOL;001007148;1;SLAP COOL;4;CHAUSSURES;0;CHAUSSURE HOMME;2;SLAP H;E19;ORIGINAL;;BLACK;;;40D;0;9001007148109;;27.99;27.99;1;20
CINEX;COOL;001007148;1;SLAP COOL;4;CHAUSSURES;0;CHAUSSURE HOMME;2;SLAP H;E19;ORIGINAL;;BLACK;;;41;0;9001007148116;;27.99;27.99;1;20
CINEX;COOL;001007148;1;SLAP COOL;4;CHAUSSURES;0;CHAUSSURE HOMME;2;SLAP H;E19;ORIGINAL;;BLACK;;;42;0;9001007148123;;27.99;27.99;1;20
CINEX;COOL;001007148;1;SLAP COOL;4;CHAUSSURES;0;CHAUSSURE HOMME;2;SLAP H;E19;ORIGINAL;;BLACK;;;42D;0;9001007148130;;27.99;27.99;1;20
CINEX;COOL;001007148;1;SLAP COOL;4;CHAUSSURES;0;CHAUSSURE HOMME;2;SLAP H;E19;ORIGINAL;;BLACK;;;43;0;9001007148147;;27.99;27.99;1;20
CINEX;COOL;001007148;1;SLAP COOL;4;CHAUSSURES;0;CHAUSSURE HOMME;2;SLAP H;E19;ORIGINAL;;BLACK;;;44;0;9001007148154;;27.99;27.99;1;20
CINEX;COOL;001007148;1;SLAP COOL;4;CHAUSSURES;0;CHAUSSURE HOMME;2;SLAP H;E19;ORIGINAL;;BLACK;;;44D;0;9001007148161;;27.99;27.99;1;20
CINEX;COOL;001007148;1;SLAP COOL;4;CHAUSSURES;0;CHAUSSURE HOMME;2;SLAP H;E19;ORIGINAL;;BLACK;;;45;1;9001007148178;;27.99;27.99;1;20
CINEX;COOL;001007148;1;SLAP COOL;4;CHAUSSURES;0;CHAUSSURE HOMME;2;SLAP H;E19;ORIGINAL;;BLACK;;;45D;0;9001007148185;;27.99;27.99;1;20
CINEX;COOL;001007148;1;SLAP COOL;4;CHAUSSURES;0;CHAUSSURE HOMME;2;SLAP H;E19;ORIGINAL;;BLACK;;;47;0;9001007148192;;27.99;27.99;1;20
CINEX;COOL;001007148;1;SLAP COOL;4;CHAUSSURES;0;CHAUSSURE HOMME;2;SLAP H;E19;ORIGINAL;;BLACK;;;48;0;9001007148208;;27.99;27.99;1;20
CINEX;COOL;001089920;1;CHAUSSON COOL SHOES;4;CHAUSSURES;1;CHAUSSURE FEMME;2;SLAP F;H15;YOSEM;;CEMENT;;;34;0;9001089920013;;39.99;39.99;1;20
CINEX;COOL;001089920;1;CHAUSSON COOL SHOES;4;CHAUSSURES;1;CHAUSSURE FEMME;2;SLAP F;H15;YOSEM;;CEMENT;;;35;0;9001089920020;;39.99;39.99;1;20
CINEX;COOL;001089920;1;CHAUSSON COOL SHOES;4;CHAUSSURES;1;CHAUSSURE FEMME;2;SLAP F;H15;YOSEM;;CEMENT;;;36;0;9001089920037;;39.99;39.99;1;20
CINEX;COOL;001089920;1;CHAUSSON COOL SHOES;4;CHAUSSURES;1;CHAUSSURE FEMME;2;SLAP F;H15;YOSEM;;CEMENT;;;36D;0;9001089920044;;39.99;39.99;1;20
CINEX;COOL;001089920;1;CHAUSSON COOL SHOES;4;CHAUSSURES;1;CHAUSSURE FEMME;2;SLAP F;H15;YOSEM;;CEMENT;;;37;0;9001089920051;;39.99;39.99;1;20
CINEX;COOL;001089920;1;CHAUSSON COOL SHOES;4;CHAUSSURES;1;CHAUSSURE FEMME;2;SLAP F;H15;YOSEM;;CEMENT;;;38;0;9001089920068;;39.99;39.99;1;20
CINEX;COOL;001089920;1;CHAUSSON COOL SHOES;4;CHAUSSURES;1;CHAUSSURE FEMME;2;SLAP F;H15;YOSEM;;CEMENT;;;38D;0;9001089920075;;39.99;39.99;1;20
CINEX;COOL;001089920;1;CHAUSSON COOL SHOES;4;CHAUSSURES;1;CHAUSSURE FEMME;2;SLAP F;H15;YOSEM;;CEMENT;;;39;1;9001089920082;;39.99;39.99;1;20
CINEX;COOL;001089920;1;CHAUSSON COOL SHOES;4;CHAUSSURES;1;CHAUSSURE FEMME;2;SLAP F;H15;YOSEM;;CEMENT;;;40;0;9001089920099;;39.99;39.99;1;20
CINEX;COOL;001089920;1;CHAUSSON COOL SHOES;4;CHAUSSURES;1;CHAUSSURE FEMME;2;SLAP F;H15;YOSEM;;CEMENT;;;40D;0;9001089920105;;39.99;39.99;1;20
CINEX;COOL;001089920;1;CHAUSSON COOL SHOES;4;CHAUSSURES;1;CHAUSSURE FEMME;2;SLAP F;H15;YOSEM;;CEMENT;;;41;0;9001089920112;;39.99;39.99;1;20
CINEX;COOL;001089920;1;CHAUSSON COOL SHOES;4;CHAUSSURES;1;CHAUSSURE FEMME;2;SLAP F;H15;YOSEM;;CEMENT;;;42;0;9001089920129;;39.99;39.99;1;20
CINEX;COOL;001089920;1;CHAUSSON COOL SHOES;4;CHAUSSURES;1;CHAUSSURE FEMME;2;SLAP F;H15;YOSEM;;CEMENT;;;42D;0;9001089920136;;39.99;39.99;1;20
CINEX;COOL;001089920;1;CHAUSSON COOL SHOES;4;CHAUSSURES;1;CHAUSSURE FEMME;2;SLAP F;H15;YOSEM;;CEMENT;;;43;0;9001089920143;;39.99;39.99;1;20
CINEX;COOL;001089920;1;CHAUSSON COOL SHOES;4;CHAUSSURES;1;CHAUSSURE FEMME;2;SLAP F;H15;YOSEM;;CEMENT;;;44;0;9001089920150;;39.99;39.99;1;20
CINEX;COOL;001089920;1;CHAUSSON COOL SHOES;4;CHAUSSURES;1;CHAUSSURE FEMME;2;SLAP F;H15;YOSEM;;CEMENT;;;44D;0;9001089920167;;39.99;39.99;1;20
CINEX;COOL;001089920;1;CHAUSSON COOL SHOES;4;CHAUSSURES;1;CHAUSSURE FEMME;2;SLAP F;H15;YOSEM;;CEMENT;;;45;0;9001089920174;;39.99;39.99;1;20
CINEX;COOL;001089920;1;CHAUSSON COOL SHOES;4;CHAUSSURES;1;CHAUSSURE FEMME;2;SLAP F;H15;YOSEM;;CEMENT;;;45D;0;9001089920181;;39.99;39.99;1;20
CINEX;COOL;001089920;1;CHAUSSON COOL SHOES;4;CHAUSSURES;1;CHAUSSURE FEMME;2;SLAP F;H15;YOSEM;;CEMENT;;;47;0;9001089920198;;39.99;39.99;1;20
CINEX;COOL;001089920;1;CHAUSSON COOL SHOES;4;CHAUSSURES;1;CHAUSSURE FEMME;2;SLAP F;H15;YOSEM;;CEMENT;;;48;0;9001089920204;;39.99;39.99;1;20
DAKINE;DAKINE;001103455;1;SAC A DOS DAKINE;9;ACCESSOIRES;1;BAGAGERIE;0;SAC A DOS  TECHNIQUE.;H18;HELI PRO;24L;GINGER;;;TU;1;9001103455019;;110.00;110.00;1;20
EASYSN;easy snowboard;001104410;1;;7;GLISSE NEIGE;0;SURF DES NEIGES;4;PLANCHE DE SNOW;H18;WALLRIDE;2019;156;;;TU;2;9001104410017;;349.00;349.00;1;20
ELEMEN;ELEMENT;001098316;1;SWEAT SHERPA ELEMENT;1;TEXTILE HOMME;1;SWEAT HOMME;3;SWEAT ZIPPE;H17;F1WAA1;H17;3732;;;XXS;0;9001098316012;;85.00;85.00;1;20
ELEMEN;ELEMENT;001098316;1;SWEAT SHERPA ELEMENT;1;TEXTILE HOMME;1;SWEAT HOMME;3;SWEAT ZIPPE;H17;F1WAA1;H17;3732;;;XS;0;9001098316029;;85.00;85.00;1;20
ELEMEN;ELEMENT;001098316;1;SWEAT SHERPA ELEMENT;1;TEXTILE HOMME;1;SWEAT HOMME;3;SWEAT ZIPPE;H17;F1WAA1;H17;3732;;;S;0;9001098316036;;85.00;85.00;1;20
ELEMEN;ELEMENT;001098316;1;SWEAT SHERPA ELEMENT;1;TEXTILE HOMME;1;SWEAT HOMME;3;SWEAT ZIPPE;H17;F1WAA1;H17;3732;;;M;1;9001098316050;;85.00;85.00;1;20
ELEMEN;ELEMENT;001098316;1;SWEAT SHERPA ELEMENT;1;TEXTILE HOMME;1;SWEAT HOMME;3;SWEAT ZIPPE;H17;F1WAA1;H17;3732;;;L;0;9001098316067;;85.00;85.00;1;20
ELEMEN;ELEMENT;001098316;1;SWEAT SHERPA ELEMENT;1;TEXTILE HOMME;1;SWEAT HOMME;3;SWEAT ZIPPE;H17;F1WAA1;H17;3732;;;XL;0;9001098316074;;85.00;85.00;1;20
ELEMEN;ELEMENT;001098316;1;SWEAT SHERPA ELEMENT;1;TEXTILE HOMME;1;SWEAT HOMME;3;SWEAT ZIPPE;H17;F1WAA1;H17;3732;;;XXL;0;9001098316081;;85.00;85.00;1;20
FLYSUR;flysurf;001010238;1;LEASH ENROULEUR;6;GLISSE MER;6;KITESURF;2;ACCESSOIRE KITE;E19;LEASH;;;;;TU;4;9001010238019;;69.00;69.00;1;20
FONE;F ONE;001107120;1;FONE BANDIT;6;GLISSE MER;6;KITESURF;1;AILE DE KITE;H19;BANDIT;2019;14NUE;;;TU;1;9001107120012;;1599.00;1599.00;1;20
FONE;F ONE;001094581;1;barre bandit;6;GLISSE MER;6;KITESURF;2;ACCESSOIRE KITE;H17;BARRE;BANDIT;201752;;;TU;1;9001094581018;;429.00;429.00;1;20
FONE;F ONE;001098777;1;FONE;6;GLISSE MER;6;KITESURF;2;ACCESSOIRE KITE;H19;PADSTRAP;2018;S/M;;;TU;2;9001098777011;;189.00;189.00;1;20
FONE;F ONE;001107637;1;;6;GLISSE MER;2;SURF MER;3;Sup Padlle board;H19;ROCKETAI;;7"6;;;TU;1;9001107637015;;749.00;749.00;1;20
FONE;F ONE;001099110;1;FONE;6;GLISSE MER;6;KITESURF;2;ACCESSOIRE KITE;H19;STRAP;2018;SURF;;;TU;1;9001099110015;;49.90;49.90;1;20
HAWAIA;HAVAIANAS -Alpargatas;001082151;1;HAVAIANAS;4;CHAUSSURES;0;CHAUSSURE HOMME;2;SLAP H;E16;BRASILOG;;GREEN;;;34;0;9001082151018;;24.00;24.00;1;20
HAWAIA;HAVAIANAS -Alpargatas;001082151;1;HAVAIANAS;4;CHAUSSURES;0;CHAUSSURE HOMME;2;SLAP H;E16;BRASILOG;;GREEN;;;35;0;9001082151025;;24.00;24.00;1;20
HAWAIA;HAVAIANAS -Alpargatas;001082151;1;HAVAIANAS;4;CHAUSSURES;0;CHAUSSURE HOMME;2;SLAP H;E16;BRASILOG;;GREEN;;;36;0;9001082151032;;24.00;24.00;1;20
HAWAIA;HAVAIANAS -Alpargatas;001082151;1;HAVAIANAS;4;CHAUSSURES;0;CHAUSSURE HOMME;2;SLAP H;E16;BRASILOG;;GREEN;;;36D;0;9001082151049;;24.00;24.00;1;20
HAWAIA;HAVAIANAS -Alpargatas;001082151;1;HAVAIANAS;4;CHAUSSURES;0;CHAUSSURE HOMME;2;SLAP H;E16;BRASILOG;;GREEN;;;37;0;9001082151056;;24.00;24.00;1;20
HAWAIA;HAVAIANAS -Alpargatas;001082151;1;HAVAIANAS;4;CHAUSSURES;0;CHAUSSURE HOMME;2;SLAP H;E16;BRASILOG;;GREEN;;;38;0;9001082151063;;24.00;24.00;1;20
HAWAIA;HAVAIANAS -Alpargatas;001082151;1;HAVAIANAS;4;CHAUSSURES;0;CHAUSSURE HOMME;2;SLAP H;E16;BRASILOG;;GREEN;;;38D;0;9001082151070;;24.00;24.00;1;20
HAWAIA;HAVAIANAS -Alpargatas;001082151;1;HAVAIANAS;4;CHAUSSURES;0;CHAUSSURE HOMME;2;SLAP H;E16;BRASILOG;;GREEN;;;39;0;9001082151087;;24.00;24.00;1;20
HAWAIA;HAVAIANAS -Alpargatas;001082151;1;HAVAIANAS;4;CHAUSSURES;0;CHAUSSURE HOMME;2;SLAP H;E16;BRASILOG;;GREEN;;;40;0;9001082151094;;24.00;24.00;1;20
HAWAIA;HAVAIANAS -Alpargatas;001082151;1;HAVAIANAS;4;CHAUSSURES;0;CHAUSSURE HOMME;2;SLAP H;E16;BRASILOG;;GREEN;;;40D;0;9001082151100;;24.00;24.00;1;20
HAWAIA;HAVAIANAS -Alpargatas;001082151;1;HAVAIANAS;4;CHAUSSURES;0;CHAUSSURE HOMME;2;SLAP H;E16;BRASILOG;;GREEN;;;41;3;9001082151117;;24.00;24.00;1;20
HAWAIA;HAVAIANAS -Alpargatas;001082151;1;HAVAIANAS;4;CHAUSSURES;0;CHAUSSURE HOMME;2;SLAP H;E16;BRASILOG;;GREEN;;;42;0;9001082151124;;24.00;24.00;1;20
HAWAIA;HAVAIANAS -Alpargatas;001082151;1;HAVAIANAS;4;CHAUSSURES;0;CHAUSSURE HOMME;2;SLAP H;E16;BRASILOG;;GREEN;;;42D;0;9001082151131;;24.00;24.00;1;20
HAWAIA;HAVAIANAS -Alpargatas;001082151;1;HAVAIANAS;4;CHAUSSURES;0;CHAUSSURE HOMME;2;SLAP H;E16;BRASILOG;;GREEN;;;43;1;9001082151148;;24.00;24.00;1;20
HAWAIA;HAVAIANAS -Alpargatas;001082151;1;HAVAIANAS;4;CHAUSSURES;0;CHAUSSURE HOMME;2;SLAP H;E16;BRASILOG;;GREEN;;;44;0;9001082151155;;24.00;24.00;1;20
HAWAIA;HAVAIANAS -Alpargatas;001082151;1;HAVAIANAS;4;CHAUSSURES;0;CHAUSSURE HOMME;2;SLAP H;E16;BRASILOG;;GREEN;;;44D;0;9001082151162;;24.00;24.00;1;20
HAWAIA;HAVAIANAS -Alpargatas;001082151;1;HAVAIANAS;4;CHAUSSURES;0;CHAUSSURE HOMME;2;SLAP H;E16;BRASILOG;;GREEN;;;45;0;9001082151179;;24.00;24.00;1;20
HAWAIA;HAVAIANAS -Alpargatas;001082151;1;HAVAIANAS;4;CHAUSSURES;0;CHAUSSURE HOMME;2;SLAP H;E16;BRASILOG;;GREEN;;;45D;0;9001082151186;;24.00;24.00;1;20
HAWAIA;HAVAIANAS -Alpargatas;001082151;1;HAVAIANAS;4;CHAUSSURES;0;CHAUSSURE HOMME;2;SLAP H;E16;BRASILOG;;GREEN;;;47;0;9001082151193;;24.00;24.00;1;20
HAWAIA;HAVAIANAS -Alpargatas;001082151;1;HAVAIANAS;4;CHAUSSURES;0;CHAUSSURE HOMME;2;SLAP H;E16;BRASILOG;;GREEN;;;48;0;9001082151209;;24.00;24.00;1;20
HAWAIA;HAVAIANAS -Alpargatas;001097421;1;HAVAIANAS;4;CHAUSSURES;1;CHAUSSURE FEMME;2;SLAP F;E17;ORIGINE;SLIM;BLACK;;;34;0;9001097421014;;37.00;37.00;1;20
HAWAIA;HAVAIANAS -Alpargatas;001097421;1;HAVAIANAS;4;CHAUSSURES;1;CHAUSSURE FEMME;2;SLAP F;E17;ORIGINE;SLIM;BLACK;;;35;1;9001097421021;;37.00;37.00;1;20
HAWAIA;HAVAIANAS -Alpargatas;001097421;1;HAVAIANAS;4;CHAUSSURES;1;CHAUSSURE FEMME;2;SLAP F;E17;ORIGINE;SLIM;BLACK;;;36;0;9001097421038;;37.00;37.00;1;20
HAWAIA;HAVAIANAS -Alpargatas;001097421;1;HAVAIANAS;4;CHAUSSURES;1;CHAUSSURE FEMME;2;SLAP F;E17;ORIGINE;SLIM;BLACK;;;36D;0;9001097421045;;37.00;37.00;1;20
HAWAIA;HAVAIANAS -Alpargatas;001097421;1;HAVAIANAS;4;CHAUSSURES;1;CHAUSSURE FEMME;2;SLAP F;E17;ORIGINE;SLIM;BLACK;;;37;0;9001097421052;;37.00;37.00;1;20
HAWAIA;HAVAIANAS -Alpargatas;001097421;1;HAVAIANAS;4;CHAUSSURES;1;CHAUSSURE FEMME;2;SLAP F;E17;ORIGINE;SLIM;BLACK;;;38;0;9001097421069;;37.00;37.00;1;20
HAWAIA;HAVAIANAS -Alpargatas;001097421;1;HAVAIANAS;4;CHAUSSURES;1;CHAUSSURE FEMME;2;SLAP F;E17;ORIGINE;SLIM;BLACK;;;38D;0;9001097421076;;37.00;37.00;1;20
HAWAIA;HAVAIANAS -Alpargatas;001097421;1;HAVAIANAS;4;CHAUSSURES;1;CHAUSSURE FEMME;2;SLAP F;E17;ORIGINE;SLIM;BLACK;;;39;0;9001097421083;;37.00;37.00;1;20
HAWAIA;HAVAIANAS -Alpargatas;001097421;1;HAVAIANAS;4;CHAUSSURES;1;CHAUSSURE FEMME;2;SLAP F;E17;ORIGINE;SLIM;BLACK;;;40;0;9001097421090;;37.00;37.00;1;20
HAWAIA;HAVAIANAS -Alpargatas;001097421;1;HAVAIANAS;4;CHAUSSURES;1;CHAUSSURE FEMME;2;SLAP F;E17;ORIGINE;SLIM;BLACK;;;40D;0;9001097421106;;37.00;37.00;1;20
HAWAIA;HAVAIANAS -Alpargatas;001097421;1;HAVAIANAS;4;CHAUSSURES;1;CHAUSSURE FEMME;2;SLAP F;E17;ORIGINE;SLIM;BLACK;;;41;0;9001097421113;;37.00;37.00;1;20
HAWAIA;HAVAIANAS -Alpargatas;001097421;1;HAVAIANAS;4;CHAUSSURES;1;CHAUSSURE FEMME;2;SLAP F;E17;ORIGINE;SLIM;BLACK;;;42;0;9001097421120;;37.00;37.00;1;20
HAWAIA;HAVAIANAS -Alpargatas;001097421;1;HAVAIANAS;4;CHAUSSURES;1;CHAUSSURE FEMME;2;SLAP F;E17;ORIGINE;SLIM;BLACK;;;42D;0;9001097421137;;37.00;37.00;1;20
HAWAIA;HAVAIANAS -Alpargatas;001097421;1;HAVAIANAS;4;CHAUSSURES;1;CHAUSSURE FEMME;2;SLAP F;E17;ORIGINE;SLIM;BLACK;;;43;0;9001097421144;;37.00;37.00;1;20
HAWAIA;HAVAIANAS -Alpargatas;001097421;1;HAVAIANAS;4;CHAUSSURES;1;CHAUSSURE FEMME;2;SLAP F;E17;ORIGINE;SLIM;BLACK;;;44;0;9001097421151;;37.00;37.00;1;20
HAWAIA;HAVAIANAS -Alpargatas;001097421;1;HAVAIANAS;4;CHAUSSURES;1;CHAUSSURE FEMME;2;SLAP F;E17;ORIGINE;SLIM;BLACK;;;44D;0;9001097421168;;37.00;37.00;1;20
HAWAIA;HAVAIANAS -Alpargatas;001097421;1;HAVAIANAS;4;CHAUSSURES;1;CHAUSSURE FEMME;2;SLAP F;E17;ORIGINE;SLIM;BLACK;;;45;0;9001097421175;;37.00;37.00;1;20
HAWAIA;HAVAIANAS -Alpargatas;001097421;1;HAVAIANAS;4;CHAUSSURES;1;CHAUSSURE FEMME;2;SLAP F;E17;ORIGINE;SLIM;BLACK;;;45D;0;9001097421182;;37.00;37.00;1;20
HAWAIA;HAVAIANAS -Alpargatas;001097421;1;HAVAIANAS;4;CHAUSSURES;1;CHAUSSURE FEMME;2;SLAP F;E17;ORIGINE;SLIM;BLACK;;;47;0;9001097421199;;37.00;37.00;1;20
HAWAIA;HAVAIANAS -Alpargatas;001097421;1;HAVAIANAS;4;CHAUSSURES;1;CHAUSSURE FEMME;2;SLAP F;E17;ORIGINE;SLIM;BLACK;;;48;0;9001097421205;;37.00;37.00;1;20
HOFF;HOFF sarl;001003043;1;SEXWAX;6;GLISSE MER;2;SURF MER;1;ACCESSOIRE SURF EAU;H19;SEXWAX;;;;;TU;3;9001003043019;;2.50;2.50;1;20
HURLEY;HURLEY INTERNATIONAL;001101953;1;BOARDSHORT HOMME HURLEY;1;TEXTILE HOMME;7;BERMUDA / SHORT;3;BOARDSHORT LONG;E18;AA9755;E18;010;;;28;0;9001101953012;;60.00;60.00;1;20
HURLEY;HURLEY INTERNATIONAL;001101953;1;BOARDSHORT HOMME HURLEY;1;TEXTILE HOMME;7;BERMUDA / SHORT;3;BOARDSHORT LONG;E18;AA9755;E18;010;;;29;0;9001101953029;;60.00;60.00;1;20
HURLEY;HURLEY INTERNATIONAL;001101953;1;BOARDSHORT HOMME HURLEY;1;TEXTILE HOMME;7;BERMUDA / SHORT;3;BOARDSHORT LONG;E18;AA9755;E18;010;;;30;0;9001101953036;;60.00;60.00;1;20
HURLEY;HURLEY INTERNATIONAL;001101953;1;BOARDSHORT HOMME HURLEY;1;TEXTILE HOMME;7;BERMUDA / SHORT;3;BOARDSHORT LONG;E18;AA9755;E18;010;;;31;0;9001101953043;;60.00;60.00;1;20
HURLEY;HURLEY INTERNATIONAL;001101953;1;BOARDSHORT HOMME HURLEY;1;TEXTILE HOMME;7;BERMUDA / SHORT;3;BOARDSHORT LONG;E18;AA9755;E18;010;;;32;1;9001101953050;;60.00;60.00;1;20
HURLEY;HURLEY INTERNATIONAL;001101953;1;BOARDSHORT HOMME HURLEY;1;TEXTILE HOMME;7;BERMUDA / SHORT;3;BOARDSHORT LONG;E18;AA9755;E18;010;;;33;0;9001101953067;;60.00;60.00;1;20
HURLEY;HURLEY INTERNATIONAL;001101953;1;BOARDSHORT HOMME HURLEY;1;TEXTILE HOMME;7;BERMUDA / SHORT;3;BOARDSHORT LONG;E18;AA9755;E18;010;;;34;0;9001101953074;;60.00;60.00;1;20
HURLEY;HURLEY INTERNATIONAL;001101953;1;BOARDSHORT HOMME HURLEY;1;TEXTILE HOMME;7;BERMUDA / SHORT;3;BOARDSHORT LONG;E18;AA9755;E18;010;;;36;0;9001101953081;;60.00;60.00;1;20
HURLEY;HURLEY INTERNATIONAL;001101953;1;BOARDSHORT HOMME HURLEY;1;TEXTILE HOMME;7;BERMUDA / SHORT;3;BOARDSHORT LONG;E18;AA9755;E18;010;;;38;0;9001101953098;;60.00;60.00;1;20
HURLEY;HURLEY INTERNATIONAL;001101965;1;BOARDSHORT HOMME HURLEY;1;TEXTILE HOMME;7;BERMUDA / SHORT;3;BOARDSHORT LONG;E18;AJ6984;E18;410;;;28;0;9001101965015;;70.00;70.00;1;20
HURLEY;HURLEY INTERNATIONAL;001101965;1;BOARDSHORT HOMME HURLEY;1;TEXTILE HOMME;7;BERMUDA / SHORT;3;BOARDSHORT LONG;E18;AJ6984;E18;410;;;29;0;9001101965022;;70.00;70.00;1;20
HURLEY;HURLEY INTERNATIONAL;001101965;1;BOARDSHORT HOMME HURLEY;1;TEXTILE HOMME;7;BERMUDA / SHORT;3;BOARDSHORT LONG;E18;AJ6984;E18;410;;;30;0;9001101965039;;70.00;70.00;1;20
HURLEY;HURLEY INTERNATIONAL;001101965;1;BOARDSHORT HOMME HURLEY;1;TEXTILE HOMME;7;BERMUDA / SHORT;3;BOARDSHORT LONG;E18;AJ6984;E18;410;;;31;0;9001101965046;;70.00;70.00;1;20
HURLEY;HURLEY INTERNATIONAL;001101965;1;BOARDSHORT HOMME HURLEY;1;TEXTILE HOMME;7;BERMUDA / SHORT;3;BOARDSHORT LONG;E18;AJ6984;E18;410;;;32;0;9001101965053;;70.00;70.00;1;20
HURLEY;HURLEY INTERNATIONAL;001101965;1;BOARDSHORT HOMME HURLEY;1;TEXTILE HOMME;7;BERMUDA / SHORT;3;BOARDSHORT LONG;E18;AJ6984;E18;410;;;33;2;9001101965060;;70.00;70.00;1;20
HURLEY;HURLEY INTERNATIONAL;001101965;1;BOARDSHORT HOMME HURLEY;1;TEXTILE HOMME;7;BERMUDA / SHORT;3;BOARDSHORT LONG;E18;AJ6984;E18;410;;;34;0;9001101965077;;70.00;70.00;1;20
HURLEY;HURLEY INTERNATIONAL;001101965;1;BOARDSHORT HOMME HURLEY;1;TEXTILE HOMME;7;BERMUDA / SHORT;3;BOARDSHORT LONG;E18;AJ6984;E18;410;;;36;0;9001101965084;;70.00;70.00;1;20
HURLEY;HURLEY INTERNATIONAL;001101965;1;BOARDSHORT HOMME HURLEY;1;TEXTILE HOMME;7;BERMUDA / SHORT;3;BOARDSHORT LONG;E18;AJ6984;E18;410;;;38;0;9001101965091;;70.00;70.00;1;20
IDKDIS;Starboard -airush;001093668;1;;6;GLISSE MER;2;SURF MER;0;SURF D'EAU;H16;ALLSTAR;2016;1228CA;;;TU;1;9001093668017;;3390.00;3390.00;1;20
JORCAN;Jorcani (starboard);001103601;1;;6;GLISSE MER;2;SURF MER;3;Sup Padlle board;E19;ALLSTARH;2019;14X26;;;TU;1;9001103601010;;2399.00;2399.00;1;20
JORCAN;Jorcani (starboard);001109590;1;;6;GLISSE MER;2;SURF MER;4;Pagaie sup;H19;ENDUROCA;2020;29353P;;;XXS;0;9001109590011;;429.00;429.00;1;20
JORCAN;Jorcani (starboard);001109590;1;;6;GLISSE MER;2;SURF MER;4;Pagaie sup;H19;ENDUROCA;2020;29353P;;;XS;0;9001109590028;;429.00;429.00;1;20
JORCAN;Jorcani (starboard);001109590;1;;6;GLISSE MER;2;SURF MER;4;Pagaie sup;H19;ENDUROCA;2020;29353P;;;S;0;9001109590035;;429.00;429.00;1;20
JORCAN;Jorcani (starboard);001109590;1;;6;GLISSE MER;2;SURF MER;4;Pagaie sup;H19;ENDUROCA;2020;29353P;;;M;0;9001109590059;;429.00;429.00;1;20
JORCAN;Jorcani (starboard);001109590;1;;6;GLISSE MER;2;SURF MER;4;Pagaie sup;H19;ENDUROCA;2020;29353P;;;L;1;9001109590066;;429.00;429.00;1;20
JORCAN;Jorcani (starboard);001109590;1;;6;GLISSE MER;2;SURF MER;4;Pagaie sup;H19;ENDUROCA;2020;29353P;;;XL;0;9001109590073;;429.00;429.00;1;20
JORCAN;Jorcani (starboard);001109590;1;;6;GLISSE MER;2;SURF MER;4;Pagaie sup;H19;ENDUROCA;2020;29353P;;;XXL;0;9001109590080;;429.00;429.00;1;20
JORCAN;Jorcani (starboard);001104993;1;;6;GLISSE MER;2;SURF MER;4;Pagaie sup;E19;ENDUROTI;2018;2PGREE;;;XXS;0;9001104993015;;239.90;239.90;1;20
JORCAN;Jorcani (starboard);001104993;1;;6;GLISSE MER;2;SURF MER;4;Pagaie sup;E19;ENDUROTI;2018;2PGREE;;;XS;0;9001104993022;;239.90;239.90;1;20
JORCAN;Jorcani (starboard);001104993;1;;6;GLISSE MER;2;SURF MER;4;Pagaie sup;E19;ENDUROTI;2018;2PGREE;;;S;0;9001104993039;;239.90;239.90;1;20
JORCAN;Jorcani (starboard);001104993;1;;6;GLISSE MER;2;SURF MER;4;Pagaie sup;E19;ENDUROTI;2018;2PGREE;;;M;0;9001104993053;;239.90;239.90;1;20
JORCAN;Jorcani (starboard);001104993;1;;6;GLISSE MER;2;SURF MER;4;Pagaie sup;E19;ENDUROTI;2018;2PGREE;;;L;1;9001104993060;;239.90;239.90;1;20
JORCAN;Jorcani (starboard);001104993;1;;6;GLISSE MER;2;SURF MER;4;Pagaie sup;E19;ENDUROTI;2018;2PGREE;;;XL;0;9001104993077;;239.90;239.90;1;20
JORCAN;Jorcani (starboard);001104993;1;;6;GLISSE MER;2;SURF MER;4;Pagaie sup;E19;ENDUROTI;2018;2PGREE;;;XXL;0;9001104993084;;239.90;239.90;1;20
JORCAN;Jorcani (starboard);001103330;1;;6;GLISSE MER;2;SURF MER;4;Pagaie sup;H18;LIMAADJU;;S352P;;;XXS;0;9001103330019;;529.00;529.00;1;20
JORCAN;Jorcani (starboard);001103330;1;;6;GLISSE MER;2;SURF MER;4;Pagaie sup;H18;LIMAADJU;;S352P;;;XS;0;9001103330026;;529.00;529.00;1;20
JORCAN;Jorcani (starboard);001103330;1;;6;GLISSE MER;2;SURF MER;4;Pagaie sup;H18;LIMAADJU;;S352P;;;S;0;9001103330033;;529.00;529.00;1;20
JORCAN;Jorcani (starboard);001103330;1;;6;GLISSE MER;2;SURF MER;4;Pagaie sup;H18;LIMAADJU;;S352P;;;M;0;9001103330057;;529.00;529.00;1;20
JORCAN;Jorcani (starboard);001103330;1;;6;GLISSE MER;2;SURF MER;4;Pagaie sup;H18;LIMAADJU;;S352P;;;L;1;9001103330064;;529.00;529.00;1;20
JORCAN;Jorcani (starboard);001103330;1;;6;GLISSE MER;2;SURF MER;4;Pagaie sup;H18;LIMAADJU;;S352P;;;XL;0;9001103330071;;529.00;529.00;1;20
JORCAN;Jorcani (starboard);001103330;1;;6;GLISSE MER;2;SURF MER;4;Pagaie sup;H18;LIMAADJU;;S352P;;;XXL;0;9001103330088;;529.00;529.00;1;20
JORCAN;Jorcani (starboard);001105083;1;;6;GLISSE MER;2;SURF MER;3;Sup Padlle board;E19;WATERMA;2018;PA10ZE;;;TU;1;9001105083012;;1899.00;1899.00;1;20
LIBTEC;LIBTEC;001109552;1;SNOWBOARD LIBTEC;7;GLISSE NEIGE;0;SURF DES NEIGES;4;PLANCHE DE SNOW;H19;T-RICEOR;2020;159;;;TU;1;9001109552019;;599.99;599.99;1;20
MARKER;MARKER;001103988;1;FIXATION MARKER;7;GLISSE NEIGE;1;SKI;5;FIXATION SKI;H19;GRIFFON;2019;110WHT;;;TU;1;9001103988012;;199.00;199.00;1;20
MARKER;MARKER;001109835;1;FIXATION MARKER;7;GLISSE NEIGE;1;SKI;5;FIXATION SKI;H19;GRIFFON;2020;100BLK;;;TU;2;9001109835013;;199.00;199.00;1;20
MARKER;MARKER;001099352;1;CHAUSSURE DALBELLO;7;GLISSE NEIGE;1;SKI;2;BOOTS SKI;H17;PANTERRA;2018;120AYA;;;220;0;9001099352019;;399.00;399.00;1;20
MARKER;MARKER;001099352;1;CHAUSSURE DALBELLO;7;GLISSE NEIGE;1;SKI;2;BOOTS SKI;H17;PANTERRA;2018;120AYA;;;230;0;9001099352026;;399.00;399.00;1;20
MARKER;MARKER;001099352;1;CHAUSSURE DALBELLO;7;GLISSE NEIGE;1;SKI;2;BOOTS SKI;H17;PANTERRA;2018;120AYA;;;235;0;9001099352033;;399.00;399.00;1;20
MARKER;MARKER;001099352;1;CHAUSSURE DALBELLO;7;GLISSE NEIGE;1;SKI;2;BOOTS SKI;H17;PANTERRA;2018;120AYA;;;240;0;9001099352057;;399.00;399.00;1;20
MARKER;MARKER;001099352;1;CHAUSSURE DALBELLO;7;GLISSE NEIGE;1;SKI;2;BOOTS SKI;H17;PANTERRA;2018;120AYA;;;245;0;9001099352064;;399.00;399.00;1;20
MARKER;MARKER;001099352;1;CHAUSSURE DALBELLO;7;GLISSE NEIGE;1;SKI;2;BOOTS SKI;H17;PANTERRA;2018;120AYA;;;250;0;9001099352088;;399.00;399.00;1;20
MARKER;MARKER;001099352;1;CHAUSSURE DALBELLO;7;GLISSE NEIGE;1;SKI;2;BOOTS SKI;H17;PANTERRA;2018;120AYA;;;255;0;9001099352095;;399.00;399.00;1;20
MARKER;MARKER;001099352;1;CHAUSSURE DALBELLO;7;GLISSE NEIGE;1;SKI;2;BOOTS SKI;H17;PANTERRA;2018;120AYA;;;26;0;9001099352101;;399.00;399.00;1;20
MARKER;MARKER;001099352;1;CHAUSSURE DALBELLO;7;GLISSE NEIGE;1;SKI;2;BOOTS SKI;H17;PANTERRA;2018;120AYA;;;265;0;9001099352118;;399.00;399.00;1;20
MARKER;MARKER;001099352;1;CHAUSSURE DALBELLO;7;GLISSE NEIGE;1;SKI;2;BOOTS SKI;H17;PANTERRA;2018;120AYA;;;270;0;9001099352125;;399.00;399.00;1;20
MARKER;MARKER;001099352;1;CHAUSSURE DALBELLO;7;GLISSE NEIGE;1;SKI;2;BOOTS SKI;H17;PANTERRA;2018;120AYA;;;275;0;9001099352132;;399.00;399.00;1;20
MARKER;MARKER;001099352;1;CHAUSSURE DALBELLO;7;GLISSE NEIGE;1;SKI;2;BOOTS SKI;H17;PANTERRA;2018;120AYA;;;280;0;9001099352149;;399.00;399.00;1;20
MARKER;MARKER;001099352;1;CHAUSSURE DALBELLO;7;GLISSE NEIGE;1;SKI;2;BOOTS SKI;H17;PANTERRA;2018;120AYA;;;285;0;9001099352156;;399.00;399.00;1;20
MARKER;MARKER;001099352;1;CHAUSSURE DALBELLO;7;GLISSE NEIGE;1;SKI;2;BOOTS SKI;H17;PANTERRA;2018;120AYA;;;290;1;9001099352163;;399.00;399.00;1;20
MARKER;MARKER;001099352;1;CHAUSSURE DALBELLO;7;GLISSE NEIGE;1;SKI;2;BOOTS SKI;H17;PANTERRA;2018;120AYA;;;295;0;9001099352170;;399.00;399.00;1;20
MARKER;MARKER;001099352;1;CHAUSSURE DALBELLO;7;GLISSE NEIGE;1;SKI;2;BOOTS SKI;H17;PANTERRA;2018;120AYA;;;300;0;9001099352187;;399.00;399.00;1;20
MARKER;MARKER;001099352;1;CHAUSSURE DALBELLO;7;GLISSE NEIGE;1;SKI;2;BOOTS SKI;H17;PANTERRA;2018;120AYA;;;305;0;9001099352194;;399.00;399.00;1;20
MARKER;MARKER;001099352;1;CHAUSSURE DALBELLO;7;GLISSE NEIGE;1;SKI;2;BOOTS SKI;H17;PANTERRA;2018;120AYA;;;310;0;9001099352200;;399.00;399.00;1;20
MARKER;MARKER;001104000;1;CHAUSSURE DALBELLO;7;GLISSE NEIGE;1;SKI;2;BOOTS SKI;H18;PANTERRA;2019;120AYA;;;220;0;9001104000010;;399.00;399.00;1;20
MARKER;MARKER;001104000;1;CHAUSSURE DALBELLO;7;GLISSE NEIGE;1;SKI;2;BOOTS SKI;H18;PANTERRA;2019;120AYA;;;230;0;9001104000027;;399.00;399.00;1;20
MARKER;MARKER;001104000;1;CHAUSSURE DALBELLO;7;GLISSE NEIGE;1;SKI;2;BOOTS SKI;H18;PANTERRA;2019;120AYA;;;235;0;9001104000034;;399.00;399.00;1;20
MARKER;MARKER;001104000;1;CHAUSSURE DALBELLO;7;GLISSE NEIGE;1;SKI;2;BOOTS SKI;H18;PANTERRA;2019;120AYA;;;240;0;9001104000058;;399.00;399.00;1;20
MARKER;MARKER;001104000;1;CHAUSSURE DALBELLO;7;GLISSE NEIGE;1;SKI;2;BOOTS SKI;H18;PANTERRA;2019;120AYA;;;245;0;9001104000065;;399.00;399.00;1;20
MARKER;MARKER;001104000;1;CHAUSSURE DALBELLO;7;GLISSE NEIGE;1;SKI;2;BOOTS SKI;H18;PANTERRA;2019;120AYA;;;250;0;9001104000089;;399.00;399.00;1;20
MARKER;MARKER;001104000;1;CHAUSSURE DALBELLO;7;GLISSE NEIGE;1;SKI;2;BOOTS SKI;H18;PANTERRA;2019;120AYA;;;255;0;9001104000096;;399.00;399.00;1;20
MARKER;MARKER;001104000;1;CHAUSSURE DALBELLO;7;GLISSE NEIGE;1;SKI;2;BOOTS SKI;H18;PANTERRA;2019;120AYA;;;26;0;9001104000102;;399.00;399.00;1;20
MARKER;MARKER;001104000;1;CHAUSSURE DALBELLO;7;GLISSE NEIGE;1;SKI;2;BOOTS SKI;H18;PANTERRA;2019;120AYA;;;265;0;9001104000119;;399.00;399.00;1;20
MARKER;MARKER;001104000;1;CHAUSSURE DALBELLO;7;GLISSE NEIGE;1;SKI;2;BOOTS SKI;H18;PANTERRA;2019;120AYA;;;270;0;9001104000126;;399.00;399.00;1;20
MARKER;MARKER;001104000;1;CHAUSSURE DALBELLO;7;GLISSE NEIGE;1;SKI;2;BOOTS SKI;H18;PANTERRA;2019;120AYA;;;275;0;9001104000133;;399.00;399.00;1;20
MARKER;MARKER;001104000;1;CHAUSSURE DALBELLO;7;GLISSE NEIGE;1;SKI;2;BOOTS SKI;H18;PANTERRA;2019;120AYA;;;280;0;9001104000140;;399.00;399.00;1;20
MARKER;MARKER;001104000;1;CHAUSSURE DALBELLO;7;GLISSE NEIGE;1;SKI;2;BOOTS SKI;H18;PANTERRA;2019;120AYA;;;285;0;9001104000157;;399.00;399.00;1;20
MARKER;MARKER;001104000;1;CHAUSSURE DALBELLO;7;GLISSE NEIGE;1;SKI;2;BOOTS SKI;H18;PANTERRA;2019;120AYA;;;290;1;9001104000164;;399.00;399.00;1;20
MARKER;MARKER;001104000;1;CHAUSSURE DALBELLO;7;GLISSE NEIGE;1;SKI;2;BOOTS SKI;H18;PANTERRA;2019;120AYA;;;295;0;9001104000171;;399.00;399.00;1;20
MARKER;MARKER;001104000;1;CHAUSSURE DALBELLO;7;GLISSE NEIGE;1;SKI;2;BOOTS SKI;H18;PANTERRA;2019;120AYA;;;300;0;9001104000188;;399.00;399.00;1;20
MARKER;MARKER;001104000;1;CHAUSSURE DALBELLO;7;GLISSE NEIGE;1;SKI;2;BOOTS SKI;H18;PANTERRA;2019;120AYA;;;305;0;9001104000195;;399.00;399.00;1;20
MARKER;MARKER;001104000;1;CHAUSSURE DALBELLO;7;GLISSE NEIGE;1;SKI;2;BOOTS SKI;H18;PANTERRA;2019;120AYA;;;310;0;9001104000201;;399.00;399.00;1;20
MARKER;MARKER;001103970;1;SKI VOLKL;7;GLISSE NEIGE;1;SKI;0;SKI;H18;SECRET;2019;163;;;TU;1;9001103970017;;649.00;649.00;1;20
MAUI;mystic international bv;001106320;1;DRIVER SEAT HARNESS;6;GLISSE MER;0;PLANCHE A VOILE;7;HARNAIS;E19;180076;;BLACK;MY;;XXS;0;9001106320017;;169.99;169.99;1;20
MAUI;mystic international bv;001106320;1;DRIVER SEAT HARNESS;6;GLISSE MER;0;PLANCHE A VOILE;7;HARNAIS;E19;180076;;BLACK;MY;;XS;0;9001106320024;;169.99;169.99;1;20
MAUI;mystic international bv;001106320;1;DRIVER SEAT HARNESS;6;GLISSE MER;0;PLANCHE A VOILE;7;HARNAIS;E19;180076;;BLACK;MY;;S;2;9001106320031;8715738594982;169.99;169.99;1;20
MAUI;mystic international bv;001106320;1;DRIVER SEAT HARNESS;6;GLISSE MER;0;PLANCHE A VOILE;7;HARNAIS;E19;180076;;BLACK;MY;;M;0;9001106320055;8715738594937;169.99;169.99;1;20
MAUI;mystic international bv;001106320;1;DRIVER SEAT HARNESS;6;GLISSE MER;0;PLANCHE A VOILE;7;HARNAIS;E19;180076;;BLACK;MY;;L;0;9001106320062;8715738594968;169.99;169.99;1;20
MAUI;mystic international bv;001106320;1;DRIVER SEAT HARNESS;6;GLISSE MER;0;PLANCHE A VOILE;7;HARNAIS;E19;180076;;BLACK;MY;;XL;0;9001106320079;;169.99;169.99;1;20
MAUI;mystic international bv;001106320;1;DRIVER SEAT HARNESS;6;GLISSE MER;0;PLANCHE A VOILE;7;HARNAIS;E19;180076;;BLACK;MY;;XXL;0;9001106320086;;169.99;169.99;1;20
MAUI;mystic international bv;001101764;1;BOARDSHORT HOMME;1;TEXTILE HOMME;7;BERMUDA / SHORT;3;BOARDSHORT LONG;E18;SAILOR;E18;658;;;28;0;9001101764014;;69.99;69.99;1;20
MAUI;mystic international bv;001101764;1;BOARDSHORT HOMME;1;TEXTILE HOMME;7;BERMUDA / SHORT;3;BOARDSHORT LONG;E18;SAILOR;E18;658;;;29;0;9001101764021;;69.99;69.99;1;20
MAUI;mystic international bv;001101764;1;BOARDSHORT HOMME;1;TEXTILE HOMME;7;BERMUDA / SHORT;3;BOARDSHORT LONG;E18;SAILOR;E18;658;;;30;1;9001101764038;;69.99;69.99;1;20
MAUI;mystic international bv;001101764;1;BOARDSHORT HOMME;1;TEXTILE HOMME;7;BERMUDA / SHORT;3;BOARDSHORT LONG;E18;SAILOR;E18;658;;;31;0;9001101764045;;69.99;69.99;1;20
MAUI;mystic international bv;001101764;1;BOARDSHORT HOMME;1;TEXTILE HOMME;7;BERMUDA / SHORT;3;BOARDSHORT LONG;E18;SAILOR;E18;658;;;32;0;9001101764052;;69.99;69.99;1;20
MAUI;mystic international bv;001101764;1;BOARDSHORT HOMME;1;TEXTILE HOMME;7;BERMUDA / SHORT;3;BOARDSHORT LONG;E18;SAILOR;E18;658;;;33;0;9001101764069;;69.99;69.99;1;20
MAUI;mystic international bv;001101764;1;BOARDSHORT HOMME;1;TEXTILE HOMME;7;BERMUDA / SHORT;3;BOARDSHORT LONG;E18;SAILOR;E18;658;;;34;0;9001101764076;;69.99;69.99;1;20
MAUI;mystic international bv;001101764;1;BOARDSHORT HOMME;1;TEXTILE HOMME;7;BERMUDA / SHORT;3;BOARDSHORT LONG;E18;SAILOR;E18;658;;;36;0;9001101764083;;69.99;69.99;1;20
MAUI;mystic international bv;001101764;1;BOARDSHORT HOMME;1;TEXTILE HOMME;7;BERMUDA / SHORT;3;BOARDSHORT LONG;E18;SAILOR;E18;658;;;38;0;9001101764090;;69.99;69.99;1;20
MDK;mundaka;001087392;1;LUNETTE MDK;9;ACCESSOIRES;2;ACCESSOIRES FANTAISIES;6;LUNETTES;E18;CROSSXL;;CXL005;;;TU;1;9001087392010;;49.90;49.90;1;20
PARASO;LABORATOIRES DERMOSUN;001087630;1;SPRAY BRONZANT PROTECTEUR 50;9;ACCESSOIRES;3;ARTICLE DE PLAGE;1;PRODUIT SOLAIRE;E19;SPRAL200;E15;IP50;;;TU;3;9001087630013;;12.50;12.50;1;20
PARASO;LABORATOIRES DERMOSUN;001087651;1;SPRAY LAIT APRES SOLEIL;9;ACCESSOIRES;3;ARTICLE DE PLAGE;1;PRODUIT SOLAIRE;E19;SPRAY;E15;APRESO;;;TU;3;9001087651018;;7.90;7.90;1;20
PICTUR;PICTURE ORGANIC;001102747;1;SAC A DOS PICTURE;9;ACCESSOIRES;1;BAGAGERIE;0;SAC A DOS  TECHNIQUE.;H18;BP102P1;H18;BLUE;;;TU;1;9001102747016;;99.99;99.99;1;20
PICTUR;PICTURE ORGANIC;001103128;1;PANTALON TECHNIQUE PICTURE;3;TEXTILE JUNIOR;7;PANT/ROBE JUNIOR;1;PANT BOYS;H18;KPT025;H18;PETBLU;;;2A;0;9001103128012;;109.99;109.99;1;20
PICTUR;PICTURE ORGANIC;001103128;1;PANTALON TECHNIQUE PICTURE;3;TEXTILE JUNIOR;7;PANT/ROBE JUNIOR;1;PANT BOYS;H18;KPT025;H18;PETBLU;;;3A;0;9001103128029;;109.99;109.99;1;20
PICTUR;PICTURE ORGANIC;001103128;1;PANTALON TECHNIQUE PICTURE;3;TEXTILE JUNIOR;7;PANT/ROBE JUNIOR;1;PANT BOYS;H18;KPT025;H18;PETBLU;;;4A;0;9001103128036;;109.99;109.99;1;20
PICTUR;PICTURE ORGANIC;001103128;1;PANTALON TECHNIQUE PICTURE;3;TEXTILE JUNIOR;7;PANT/ROBE JUNIOR;1;PANT BOYS;H18;KPT025;H18;PETBLU;;;5A;0;9001103128043;;109.99;109.99;1;20
PICTUR;PICTURE ORGANIC;001103128;1;PANTALON TECHNIQUE PICTURE;3;TEXTILE JUNIOR;7;PANT/ROBE JUNIOR;1;PANT BOYS;H18;KPT025;H18;PETBLU;;;6A;0;9001103128050;;109.99;109.99;1;20
PICTUR;PICTURE ORGANIC;001103128;1;PANTALON TECHNIQUE PICTURE;3;TEXTILE JUNIOR;7;PANT/ROBE JUNIOR;1;PANT BOYS;H18;KPT025;H18;PETBLU;;;7A;0;9001103128067;;109.99;109.99;1;20
PICTUR;PICTURE ORGANIC;001103128;1;PANTALON TECHNIQUE PICTURE;3;TEXTILE JUNIOR;7;PANT/ROBE JUNIOR;1;PANT BOYS;H18;KPT025;H18;PETBLU;;;8A;0;9001103128074;;109.99;109.99;1;20
PICTUR;PICTURE ORGANIC;001103128;1;PANTALON TECHNIQUE PICTURE;3;TEXTILE JUNIOR;7;PANT/ROBE JUNIOR;1;PANT BOYS;H18;KPT025;H18;PETBLU;;;9A;0;9001103128081;;109.99;109.99;1;20
PICTUR;PICTURE ORGANIC;001103128;1;PANTALON TECHNIQUE PICTURE;3;TEXTILE JUNIOR;7;PANT/ROBE JUNIOR;1;PANT BOYS;H18;KPT025;H18;PETBLU;;;10A;0;9001103128098;;109.99;109.99;1;20
PICTUR;PICTURE ORGANIC;001103128;1;PANTALON TECHNIQUE PICTURE;3;TEXTILE JUNIOR;7;PANT/ROBE JUNIOR;1;PANT BOYS;H18;KPT025;H18;PETBLU;;;12A;0;9001103128104;;109.99;109.99;1;20
PICTUR;PICTURE ORGANIC;001103128;1;PANTALON TECHNIQUE PICTURE;3;TEXTILE JUNIOR;7;PANT/ROBE JUNIOR;1;PANT BOYS;H18;KPT025;H18;PETBLU;;;14A;0;9001103128111;;109.99;109.99;1;20
PICTUR;PICTURE ORGANIC;001103128;1;PANTALON TECHNIQUE PICTURE;3;TEXTILE JUNIOR;7;PANT/ROBE JUNIOR;1;PANT BOYS;H18;KPT025;H18;PETBLU;;;16A;1;9001103128128;;109.99;109.99;1;20
PICTUR;PICTURE ORGANIC;001103128;1;PANTALON TECHNIQUE PICTURE;3;TEXTILE JUNIOR;7;PANT/ROBE JUNIOR;1;PANT BOYS;H18;KPT025;H18;PETBLU;;;18A;0;9001103128135;;109.99;109.99;1;20
PICTUR;PICTURE ORGANIC;001100759;1;BOARDSHORT COURT HOMME;1;TEXTILE HOMME;7;BERMUDA / SHORT;2;BOARDSHORT COURT;E18;MBS026;E18;WAVE;;;28;0;9001100759011;;64.99;64.99;1;20
PICTUR;PICTURE ORGANIC;001100759;1;BOARDSHORT COURT HOMME;1;TEXTILE HOMME;7;BERMUDA / SHORT;2;BOARDSHORT COURT;E18;MBS026;E18;WAVE;;;29;0;9001100759028;;64.99;64.99;1;20
PICTUR;PICTURE ORGANIC;001100759;1;BOARDSHORT COURT HOMME;1;TEXTILE HOMME;7;BERMUDA / SHORT;2;BOARDSHORT COURT;E18;MBS026;E18;WAVE;;;30;0;9001100759035;;64.99;64.99;1;20
PICTUR;PICTURE ORGANIC;001100759;1;BOARDSHORT COURT HOMME;1;TEXTILE HOMME;7;BERMUDA / SHORT;2;BOARDSHORT COURT;E18;MBS026;E18;WAVE;;;31;0;9001100759042;;64.99;64.99;1;20
PICTUR;PICTURE ORGANIC;001100759;1;BOARDSHORT COURT HOMME;1;TEXTILE HOMME;7;BERMUDA / SHORT;2;BOARDSHORT COURT;E18;MBS026;E18;WAVE;;;32;0;9001100759059;;64.99;64.99;1;20
PICTUR;PICTURE ORGANIC;001100759;1;BOARDSHORT COURT HOMME;1;TEXTILE HOMME;7;BERMUDA / SHORT;2;BOARDSHORT COURT;E18;MBS026;E18;WAVE;;;33;0;9001100759066;;64.99;64.99;1;20
PICTUR;PICTURE ORGANIC;001100759;1;BOARDSHORT COURT HOMME;1;TEXTILE HOMME;7;BERMUDA / SHORT;2;BOARDSHORT COURT;E18;MBS026;E18;WAVE;;;34;1;9001100759073;;64.99;64.99;1;20
PICTUR;PICTURE ORGANIC;001100759;1;BOARDSHORT COURT HOMME;1;TEXTILE HOMME;7;BERMUDA / SHORT;2;BOARDSHORT COURT;E18;MBS026;E18;WAVE;;;36;0;9001100759080;;64.99;64.99;1;20
PICTUR;PICTURE ORGANIC;001100759;1;BOARDSHORT COURT HOMME;1;TEXTILE HOMME;7;BERMUDA / SHORT;2;BOARDSHORT COURT;E18;MBS026;E18;WAVE;;;38;0;9001100759097;;64.99;64.99;1;20
PICTUR;PICTURE ORGANIC;001097342;1;GILET NEOPRENE PICTURE;6;GLISSE MER;1;WAKEBOARD;3;GILET HOMME;E17;PREMIER;E17;DRKBLU;;;XXS;0;9001097342012;;119.99;119.99;1;20
PICTUR;PICTURE ORGANIC;001097342;1;GILET NEOPRENE PICTURE;6;GLISSE MER;1;WAKEBOARD;3;GILET HOMME;E17;PREMIER;E17;DRKBLU;;;XS;0;9001097342029;;119.99;119.99;1;20
PICTUR;PICTURE ORGANIC;001097342;1;GILET NEOPRENE PICTURE;6;GLISSE MER;1;WAKEBOARD;3;GILET HOMME;E17;PREMIER;E17;DRKBLU;;;S;1;9001097342036;;119.99;119.99;1;20
PICTUR;PICTURE ORGANIC;001097342;1;GILET NEOPRENE PICTURE;6;GLISSE MER;1;WAKEBOARD;3;GILET HOMME;E17;PREMIER;E17;DRKBLU;;;M;0;9001097342050;;119.99;119.99;1;20
PICTUR;PICTURE ORGANIC;001097342;1;GILET NEOPRENE PICTURE;6;GLISSE MER;1;WAKEBOARD;3;GILET HOMME;E17;PREMIER;E17;DRKBLU;;;L;0;9001097342067;;119.99;119.99;1;20
PICTUR;PICTURE ORGANIC;001097342;1;GILET NEOPRENE PICTURE;6;GLISSE MER;1;WAKEBOARD;3;GILET HOMME;E17;PREMIER;E17;DRKBLU;;;XL;0;9001097342074;;119.99;119.99;1;20
PICTUR;PICTURE ORGANIC;001097342;1;GILET NEOPRENE PICTURE;6;GLISSE MER;1;WAKEBOARD;3;GILET HOMME;E17;PREMIER;E17;DRKBLU;;;XXL;0;9001097342081;;119.99;119.99;1;20
PULSIO;SPORT PULSION;001106398;1;;6;GLISSE MER;1;WAKEBOARD;0;PLANCHE DE WAKE;H19;PEAK;2019;142;;;TU;1;9001106398016;;599.99;599.99;1;20
PULSIO;SPORT PULSION;001106411;1;;6;GLISSE MER;1;WAKEBOARD;1;BOOTS DE WAKE;E19;VANTAGE;2019;11-12;;;TU;1;9001106411012;;399.99;399.99;1;20
QUIK;QUIK NAPALI;001102603;1;HIGHLINE 4.3 QUIKSILVER;6;GLISSE MER;9;NEOPRENE;0;INTEGRALE HOMME;H18;YW103061;H18;KVJO;;;XS;0;9001102603015;;330.00;330.00;1;20
QUIK;QUIK NAPALI;001102603;1;HIGHLINE 4.3 QUIKSILVER;6;GLISSE MER;9;NEOPRENE;0;INTEGRALE HOMME;H18;YW103061;H18;KVJO;;;S;0;9001102603022;;330.00;330.00;1;20
QUIK;QUIK NAPALI;001102603;1;HIGHLINE 4.3 QUIKSILVER;6;GLISSE MER;9;NEOPRENE;0;INTEGRALE HOMME;H18;YW103061;H18;KVJO;;;MS;0;9001102603039;;330.00;330.00;1;20
QUIK;QUIK NAPALI;001102603;1;HIGHLINE 4.3 QUIKSILVER;6;GLISSE MER;9;NEOPRENE;0;INTEGRALE HOMME;H18;YW103061;H18;KVJO;;;M;1;9001102603046;;330.00;330.00;1;20
QUIK;QUIK NAPALI;001102603;1;HIGHLINE 4.3 QUIKSILVER;6;GLISSE MER;9;NEOPRENE;0;INTEGRALE HOMME;H18;YW103061;H18;KVJO;;;MT;0;9001102603053;;330.00;330.00;1;20
QUIK;QUIK NAPALI;001102603;1;HIGHLINE 4.3 QUIKSILVER;6;GLISSE MER;9;NEOPRENE;0;INTEGRALE HOMME;H18;YW103061;H18;KVJO;;;LS;0;9001102603060;;330.00;330.00;1;20
QUIK;QUIK NAPALI;001102603;1;HIGHLINE 4.3 QUIKSILVER;6;GLISSE MER;9;NEOPRENE;0;INTEGRALE HOMME;H18;YW103061;H18;KVJO;;;L;0;9001102603077;;330.00;330.00;1;20
QUIK;QUIK NAPALI;001102603;1;HIGHLINE 4.3 QUIKSILVER;6;GLISSE MER;9;NEOPRENE;0;INTEGRALE HOMME;H18;YW103061;H18;KVJO;;;XL;0;9001102603084;;330.00;330.00;1;20
QUIK;QUIK NAPALI;001102603;1;HIGHLINE 4.3 QUIKSILVER;6;GLISSE MER;9;NEOPRENE;0;INTEGRALE HOMME;H18;YW103061;H18;KVJO;;;XXL;0;9001102603091;;330.00;330.00;1;20
QUIK;QUIK NAPALI;001102603;1;HIGHLINE 4.3 QUIKSILVER;6;GLISSE MER;9;NEOPRENE;0;INTEGRALE HOMME;H18;YW103061;H18;KVJO;;;3XL;0;9001102603107;;330.00;330.00;1;20
REEF;REEF - VF;001081194;1;SLAP REEF R2370;4;CHAUSSURES;0;CHAUSSURE HOMME;2;SLAP H;E14;HT;E14;BLKLIM;;;3;0;9001081194016;;32.50;32.50;1;20
REEF;REEF - VF;001081194;1;SLAP REEF R2370;4;CHAUSSURES;0;CHAUSSURE HOMME;2;SLAP H;E14;HT;E14;BLKLIM;;;4;0;9001081194023;;32.50;32.50;1;20
REEF;REEF - VF;001081194;1;SLAP REEF R2370;4;CHAUSSURES;0;CHAUSSURE HOMME;2;SLAP H;E14;HT;E14;BLKLIM;;;4D;0;9001081194030;;32.50;32.50;1;20
REEF;REEF - VF;001081194;1;SLAP REEF R2370;4;CHAUSSURES;0;CHAUSSURE HOMME;2;SLAP H;E14;HT;E14;BLKLIM;;;5;0;9001081194047;;32.50;32.50;1;20
REEF;REEF - VF;001081194;1;SLAP REEF R2370;4;CHAUSSURES;0;CHAUSSURE HOMME;2;SLAP H;E14;HT;E14;BLKLIM;;;5D;0;9001081194054;;32.50;32.50;1;20
REEF;REEF - VF;001081194;1;SLAP REEF R2370;4;CHAUSSURES;0;CHAUSSURE HOMME;2;SLAP H;E14;HT;E14;BLKLIM;;;6;0;9001081194061;;32.50;32.50;1;20
REEF;REEF - VF;001081194;1;SLAP REEF R2370;4;CHAUSSURES;0;CHAUSSURE HOMME;2;SLAP H;E14;HT;E14;BLKLIM;;;6D;0;9001081194078;;32.50;32.50;1;20
REEF;REEF - VF;001081194;1;SLAP REEF R2370;4;CHAUSSURES;0;CHAUSSURE HOMME;2;SLAP H;E14;HT;E14;BLKLIM;;;7;0;9001081194085;;32.50;32.50;1;20
REEF;REEF - VF;001081194;1;SLAP REEF R2370;4;CHAUSSURES;0;CHAUSSURE HOMME;2;SLAP H;E14;HT;E14;BLKLIM;;;7D;0;9001081194092;;32.50;32.50;1;20
REEF;REEF - VF;001081194;1;SLAP REEF R2370;4;CHAUSSURES;0;CHAUSSURE HOMME;2;SLAP H;E14;HT;E14;BLKLIM;;;8;0;9001081194108;;32.50;32.50;1;20
REEF;REEF - VF;001081194;1;SLAP REEF R2370;4;CHAUSSURES;0;CHAUSSURE HOMME;2;SLAP H;E14;HT;E14;BLKLIM;;;8D;0;9001081194115;;32.50;32.50;1;20
REEF;REEF - VF;001081194;1;SLAP REEF R2370;4;CHAUSSURES;0;CHAUSSURE HOMME;2;SLAP H;E14;HT;E14;BLKLIM;;;9;0;9001081194122;;32.50;32.50;1;20
REEF;REEF - VF;001081194;1;SLAP REEF R2370;4;CHAUSSURES;0;CHAUSSURE HOMME;2;SLAP H;E14;HT;E14;BLKLIM;;;9D;0;9001081194139;;32.50;32.50;1;20
REEF;REEF - VF;001081194;1;SLAP REEF R2370;4;CHAUSSURES;0;CHAUSSURE HOMME;2;SLAP H;E14;HT;E14;BLKLIM;;;10;0;9001081194146;;32.50;32.50;1;20
REEF;REEF - VF;001081194;1;SLAP REEF R2370;4;CHAUSSURES;0;CHAUSSURE HOMME;2;SLAP H;E14;HT;E14;BLKLIM;;;10D;0;9001081194153;;32.50;32.50;1;20
REEF;REEF - VF;001081194;1;SLAP REEF R2370;4;CHAUSSURES;0;CHAUSSURE HOMME;2;SLAP H;E14;HT;E14;BLKLIM;;;11;0;9001081194160;;32.50;32.50;1;20
REEF;REEF - VF;001081194;1;SLAP REEF R2370;4;CHAUSSURES;0;CHAUSSURE HOMME;2;SLAP H;E14;HT;E14;BLKLIM;;;11D;0;9001081194177;;32.50;32.50;1;20
REEF;REEF - VF;001081194;1;SLAP REEF R2370;4;CHAUSSURES;0;CHAUSSURE HOMME;2;SLAP H;E14;HT;E14;BLKLIM;;;12;1;9001081194184;;32.50;32.50;1;20
REEF;REEF - VF;001081194;1;SLAP REEF R2370;4;CHAUSSURES;0;CHAUSSURE HOMME;2;SLAP H;E14;HT;E14;BLKLIM;;;13;0;9001081194191;;32.50;32.50;1;20
REEF;REEF - VF;001081194;1;SLAP REEF R2370;4;CHAUSSURES;0;CHAUSSURE HOMME;2;SLAP H;E14;HT;E14;BLKLIM;;;14;0;9001081194207;;32.50;32.50;1;20
RIPCUR;RIP CURL;001104629;1;DONUT HAT;1;TEXTILE HOMME;9;TEXTILE HOMME ACCESSOIRE;2;BOB / CHAPEAU;E19;CHAAJ4;E19;90;;;TU;1;9001104629013;9353970005386;24.99;24.99;1;20
RIPCUR;RIP CURL;001104708;1;"HI DYED 19"" BOARDWALK ";1;TEXTILE HOMME;7;BERMUDA / SHORT;4;BERMUDA;E19;CWAKL1;E19;58;;;24;0;9001104708015;;59.99;59.99;1;20
RIPCUR;RIP CURL;001104708;1;"HI DYED 19"" BOARDWALK ";1;TEXTILE HOMME;7;BERMUDA / SHORT;4;BERMUDA;E19;CWAKL1;E19;58;;;26;0;9001104708022;;59.99;59.99;1;20
RIPCUR;RIP CURL;001104708;1;"HI DYED 19"" BOARDWALK ";1;TEXTILE HOMME;7;BERMUDA / SHORT;4;BERMUDA;E19;CWAKL1;E19;58;;;27;0;9001104708039;;59.99;59.99;1;20
RIPCUR;RIP CURL;001104708;1;"HI DYED 19"" BOARDWALK ";1;TEXTILE HOMME;7;BERMUDA / SHORT;4;BERMUDA;E19;CWAKL1;E19;58;;;28;0;9001104708046;9353970010977;59.99;59.99;1;20
RIPCUR;RIP CURL;001104708;1;"HI DYED 19"" BOARDWALK ";1;TEXTILE HOMME;7;BERMUDA / SHORT;4;BERMUDA;E19;CWAKL1;E19;58;;;29;0;9001104708053;;59.99;59.99;1;20
RIPCUR;RIP CURL;001104708;1;"HI DYED 19"" BOARDWALK ";1;TEXTILE HOMME;7;BERMUDA / SHORT;4;BERMUDA;E19;CWAKL1;E19;58;;;30;0;9001104708060;9353970010991;59.99;59.99;1;20
RIPCUR;RIP CURL;001104708;1;"HI DYED 19"" BOARDWALK ";1;TEXTILE HOMME;7;BERMUDA / SHORT;4;BERMUDA;E19;CWAKL1;E19;58;;;31;0;9001104708077;9353970011004;59.99;59.99;1;20
RIPCUR;RIP CURL;001104708;1;"HI DYED 19"" BOARDWALK ";1;TEXTILE HOMME;7;BERMUDA / SHORT;4;BERMUDA;E19;CWAKL1;E19;58;;;32;0;9001104708084;9353970011011;59.99;59.99;1;20
RIPCUR;RIP CURL;001104708;1;"HI DYED 19"" BOARDWALK ";1;TEXTILE HOMME;7;BERMUDA / SHORT;4;BERMUDA;E19;CWAKL1;E19;58;;;33;0;9001104708091;9353970011028;59.99;59.99;1;20
RIPCUR;RIP CURL;001104708;1;"HI DYED 19"" BOARDWALK ";1;TEXTILE HOMME;7;BERMUDA / SHORT;4;BERMUDA;E19;CWAKL1;E19;58;;;34;1;9001104708107;9353970011035;59.99;59.99;1;20
RIPCUR;RIP CURL;001104708;1;"HI DYED 19"" BOARDWALK ";1;TEXTILE HOMME;7;BERMUDA / SHORT;4;BERMUDA;E19;CWAKL1;E19;58;;;35;0;9001104708114;;59.99;59.99;1;20
RIPCUR;RIP CURL;001104708;1;"HI DYED 19"" BOARDWALK ";1;TEXTILE HOMME;7;BERMUDA / SHORT;4;BERMUDA;E19;CWAKL1;E19;58;;;36;0;9001104708121;;59.99;59.99;1;20
RIPCUR;RIP CURL;001104708;1;"HI DYED 19"" BOARDWALK ";1;TEXTILE HOMME;7;BERMUDA / SHORT;4;BERMUDA;E19;CWAKL1;E19;58;;;37;0;9001104708138;;59.99;59.99;1;20
RIPCUR;RIP CURL;001104708;1;"HI DYED 19"" BOARDWALK ";1;TEXTILE HOMME;7;BERMUDA / SHORT;4;BERMUDA;E19;CWAKL1;E19;58;;;38;0;9001104708145;;59.99;59.99;1;20
RIPCUR;RIP CURL;001104708;1;"HI DYED 19"" BOARDWALK ";1;TEXTILE HOMME;7;BERMUDA / SHORT;4;BERMUDA;E19;CWAKL1;E19;58;;;39;0;9001104708152;;59.99;59.99;1;20
RIPCUR;RIP CURL;001104708;1;"HI DYED 19"" BOARDWALK ";1;TEXTILE HOMME;7;BERMUDA / SHORT;4;BERMUDA;E19;CWAKL1;E19;58;;;40;0;9001104708169;;59.99;59.99;1;20
RIPCUR;RIP CURL;001089202;2;GILET RIP CURL;2;TEXTILE FEMME;3;PULL FEMME;5;GILET;H15;GSWBB4;H15;9230;;;XXS;0;9001089202010;;79.99;79.99;1;20
RIPCUR;RIP CURL;001089202;2;GILET RIP CURL;2;TEXTILE FEMME;3;PULL FEMME;5;GILET;H15;GSWBB4;H15;9230;;;XS;0;9001089202027;;79.99;79.99;1;20
RIPCUR;RIP CURL;001089202;2;GILET RIP CURL;2;TEXTILE FEMME;3;PULL FEMME;5;GILET;H15;GSWBB4;H15;9230;;;S;0;9001089202034;;79.99;79.99;1;20
RIPCUR;RIP CURL;001089202;2;GILET RIP CURL;2;TEXTILE FEMME;3;PULL FEMME;5;GILET;H15;GSWBB4;H15;9230;;;M;0;9001089202058;;79.99;79.99;1;20
RIPCUR;RIP CURL;001089202;2;GILET RIP CURL;2;TEXTILE FEMME;3;PULL FEMME;5;GILET;H15;GSWBB4;H15;9230;;;L;0;9001089202065;;79.99;79.99;1;20
RIPCUR;RIP CURL;001089202;2;GILET RIP CURL;2;TEXTILE FEMME;3;PULL FEMME;5;GILET;H15;GSWBB4;H15;9230;;;XL;0;9001089202072;;79.99;79.99;1;20
RIPCUR;RIP CURL;001089202;2;GILET RIP CURL;2;TEXTILE FEMME;3;PULL FEMME;5;GILET;H15;GSWBB4;H15;9230;;;XXL;0;9001089202089;;79.99;79.99;1;20
SCOTT;SCOTT;001104283;1;;9;ACCESSOIRES;1;BAGAGERIE;1;SAC A DOS;H18;PACKAIRF;;32KIT;;;TU;1;9001104283017;;550.00;550.00;1;20
SCOTT;SCOTT;001104090;1;;7;GLISSE NEIGE;1;SKI;0;SKI;H18;SCRAPPER;2019;115182;;;TU;1;9001104090011;;575.00;575.00;1;20
SCOTT;SCOTT;001104086;1;SKI SCOTT;7;GLISSE NEIGE;1;SKI;0;SKI;H19;SLIGHT;2019;93175;;;TU;2;9001104086014;;629.95;629.95;1;20
SCOTT;SCOTT;001100875;1;;7;GLISSE NEIGE;1;SKI;0;SKI;E18;SUPER105;2016;175;;;TU;2;9001100875018;;579.00;579.00;1;20
SKYWAL;Flysurfer kites skywalk;001109709;1;;6;GLISSE MER;6;KITESURF;2;ACCESSOIRE KITE;H19;FORCE;;47-55;;;TU;1;9001109709017;;549.00;549.00;1;20
SLINGS;SLINGSHOT;001100863;1;;6;GLISSE MER;1;WAKEBOARD;1;BOOTS DE WAKE;E18;JEWEL;2018;7;;;TU;1;9001100863015;;429.00;429.00;1;20
SLINGS;SLINGSHOT;001099889;1;;6;GLISSE MER;1;WAKEBOARD;1;BOOTS DE WAKE;H18;KTV;2018;11;;;TU;1;9001099889010;;429.00;429.00;1;20
SLINGS;SLINGSHOT;001109196;1;SLINGSHOT WAKEBOARD;6;GLISSE MER;1;WAKEBOARD;0;PLANCHE DE WAKE;H19;PILL;2020;142;;;TU;1;9001109196015;;599.00;599.00;1;20
SLINGS;SLINGSHOT;001106198;1;;6;GLISSE MER;1;WAKEBOARD;1;BOOTS DE WAKE;E19;SHREDTOW;2019;10;;;TU;1;9001106198012;;529.00;529.00;1;20
SOUTH;SOUTH CORNER;001097688;1;CASQUE H2O ALK13;9;ACCESSOIRES;3;ARTICLE DE PLAGE;3;CASQUE SNOW/WAKE/KITE;H19;H2O+;;BLUORA;;;XXS;0;9001097688011;;39.90;39.90;1;20
SOUTH;SOUTH CORNER;001097688;1;CASQUE H2O ALK13;9;ACCESSOIRES;3;ARTICLE DE PLAGE;3;CASQUE SNOW/WAKE/KITE;H19;H2O+;;BLUORA;;;XS;0;9001097688028;;39.90;39.90;1;20
SOUTH;SOUTH CORNER;001097688;1;CASQUE H2O ALK13;9;ACCESSOIRES;3;ARTICLE DE PLAGE;3;CASQUE SNOW/WAKE/KITE;H19;H2O+;;BLUORA;;;S;0;9001097688035;;39.90;39.90;1;20
SOUTH;SOUTH CORNER;001097688;1;CASQUE H2O ALK13;9;ACCESSOIRES;3;ARTICLE DE PLAGE;3;CASQUE SNOW/WAKE/KITE;H19;H2O+;;BLUORA;;;M;1;9001097688059;;39.90;39.90;1;20
SOUTH;SOUTH CORNER;001097688;1;CASQUE H2O ALK13;9;ACCESSOIRES;3;ARTICLE DE PLAGE;3;CASQUE SNOW/WAKE/KITE;H19;H2O+;;BLUORA;;;L;-1;9001097688066;;39.90;39.90;1;20
SOUTH;SOUTH CORNER;001097688;1;CASQUE H2O ALK13;9;ACCESSOIRES;3;ARTICLE DE PLAGE;3;CASQUE SNOW/WAKE/KITE;H19;H2O+;;BLUORA;;;XL;0;9001097688073;;39.90;39.90;1;20
SOUTH;SOUTH CORNER;001097688;1;CASQUE H2O ALK13;9;ACCESSOIRES;3;ARTICLE DE PLAGE;3;CASQUE SNOW/WAKE/KITE;H19;H2O+;;BLUORA;;;XXL;0;9001097688080;;39.90;39.90;1;20
SROKA;SROKA;001097154;1;;6;GLISSE MER;2;SURF MER;3;Sup Padlle board;H19;EASYPACK;;106;;;TU;2;9001097154011;;490.00;490.00;1;20
SURFHA;SURFHARDWARE;001107668;1;SANGLE;6;GLISSE MER;6;KITESURF;2;ACCESSOIRE KITE;E19;KANULOCK;;3.3;;;TU;1;9001107668019;;74.90;74.90;1;20
SURFPI;SURF PISTOLS;001093000;1;;6;GLISSE MER;2;SURF MER;1;ACCESSOIRE SURF EAU;E18;AILERON;;US;;;TU;1;9001093000015;;19.90;19.90;1;20
SURFPI;SURF PISTOLS;001100850;1;;6;GLISSE MER;2;SURF MER;3;Sup Padlle board;E19;ELITE;;12.628;;;TU;2;9001100850015;;1349.00;1349.00;1;20
V7;V7 DISTRIBUTION;001088131;1;GRIP SANTA CRUZ;8;GLISSE STREET;0;SKATE SHORTBOARD;1;PLATEAU SKATE;E18;GRIP;;SANTA;;;TU;1;9001088131014;;18.00;18.00;1;20
V7;V7 DISTRIBUTION;001104512;1;ROULEMENT MINI LOGO;8;GLISSE STREET;0;SKATE SHORTBOARD;2;ACCESSOIRES SHORTBOARD;H19;PWBEML;H18;LOGO;;;TU;1;9001104512018;;14.90;14.90;1;20
VF;VANS FRANCE;001109143;1;T-SHIRT VANS;1;TEXTILE HOMME;0;TEE SHIRT HOMME;1;T.SHIRT H ML ROND;H19;VNOA3CZD;;BLKATH;;;XXS;0;9001109143019;;25.00;25.00;1;20
VF;VANS FRANCE;001109143;1;T-SHIRT VANS;1;TEXTILE HOMME;0;TEE SHIRT HOMME;1;T.SHIRT H ML ROND;H19;VNOA3CZD;;BLKATH;;;XS;0;9001109143026;;25.00;25.00;1;20
VF;VANS FRANCE;001109143;1;T-SHIRT VANS;1;TEXTILE HOMME;0;TEE SHIRT HOMME;1;T.SHIRT H ML ROND;H19;VNOA3CZD;;BLKATH;;;S;0;9001109143033;;25.00;25.00;1;20
VF;VANS FRANCE;001109143;1;T-SHIRT VANS;1;TEXTILE HOMME;0;TEE SHIRT HOMME;1;T.SHIRT H ML ROND;H19;VNOA3CZD;;BLKATH;;;M;0;9001109143057;;25.00;25.00;1;20
VF;VANS FRANCE;001109143;1;T-SHIRT VANS;1;TEXTILE HOMME;0;TEE SHIRT HOMME;1;T.SHIRT H ML ROND;H19;VNOA3CZD;;BLKATH;;;L;2;9001109143064;;25.00;25.00;1;20
VF;VANS FRANCE;001109143;1;T-SHIRT VANS;1;TEXTILE HOMME;0;TEE SHIRT HOMME;1;T.SHIRT H ML ROND;H19;VNOA3CZD;;BLKATH;;;XL;0;9001109143071;;25.00;25.00;1;20
VF;VANS FRANCE;001109143;1;T-SHIRT VANS;1;TEXTILE HOMME;0;TEE SHIRT HOMME;1;T.SHIRT H ML ROND;H19;VNOA3CZD;;BLKATH;;;XXL;0;9001109143088;;25.00;25.00;1;20
VF;VANS FRANCE;001109164;1;SWEAT VANS;1;TEXTILE HOMME;1;SWEAT HOMME;0;SWEAT HOMME;H19;VNOA4694;;GRNBLK;;;XXS;0;9001109164014;;75.00;75.00;1;20
VF;VANS FRANCE;001109164;1;SWEAT VANS;1;TEXTILE HOMME;1;SWEAT HOMME;0;SWEAT HOMME;H19;VNOA4694;;GRNBLK;;;XS;0;9001109164021;;75.00;75.00;1;20
VF;VANS FRANCE;001109164;1;SWEAT VANS;1;TEXTILE HOMME;1;SWEAT HOMME;0;SWEAT HOMME;H19;VNOA4694;;GRNBLK;;;S;1;9001109164038;;75.00;75.00;1;20
VF;VANS FRANCE;001109164;1;SWEAT VANS;1;TEXTILE HOMME;1;SWEAT HOMME;0;SWEAT HOMME;H19;VNOA4694;;GRNBLK;;;M;0;9001109164052;;75.00;75.00;1;20
VF;VANS FRANCE;001109164;1;SWEAT VANS;1;TEXTILE HOMME;1;SWEAT HOMME;0;SWEAT HOMME;H19;VNOA4694;;GRNBLK;;;L;0;9001109164069;;75.00;75.00;1;20
VF;VANS FRANCE;001109164;1;SWEAT VANS;1;TEXTILE HOMME;1;SWEAT HOMME;0;SWEAT HOMME;H19;VNOA4694;;GRNBLK;;;XL;0;9001109164076;;75.00;75.00;1;20
VF;VANS FRANCE;001109164;1;SWEAT VANS;1;TEXTILE HOMME;1;SWEAT HOMME;0;SWEAT HOMME;H19;VNOA4694;;GRNBLK;;;XXL;0;9001109164083;;75.00;75.00;1;20
VF;VANS FRANCE;001109089;1;OLD SKOOL VANS;4;CHAUSSURES;0;CHAUSSURE HOMME;0;SKATE SHOES H;H19;VNOA4BV5;;MANGUE;;;34;0;9001109089010;;90.00;90.00;1;20
VF;VANS FRANCE;001109089;1;OLD SKOOL VANS;4;CHAUSSURES;0;CHAUSSURE HOMME;0;SKATE SHOES H;H19;VNOA4BV5;;MANGUE;;;35;0;9001109089027;;90.00;90.00;1;20
VF;VANS FRANCE;001109089;1;OLD SKOOL VANS;4;CHAUSSURES;0;CHAUSSURE HOMME;0;SKATE SHOES H;H19;VNOA4BV5;;MANGUE;;;36;0;9001109089034;;90.00;90.00;1;20
VF;VANS FRANCE;001109089;1;OLD SKOOL VANS;4;CHAUSSURES;0;CHAUSSURE HOMME;0;SKATE SHOES H;H19;VNOA4BV5;;MANGUE;;;36D;1;9001109089041;;90.00;90.00;1;20
VF;VANS FRANCE;001109089;1;OLD SKOOL VANS;4;CHAUSSURES;0;CHAUSSURE HOMME;0;SKATE SHOES H;H19;VNOA4BV5;;MANGUE;;;37;0;9001109089058;;90.00;90.00;1;20
VF;VANS FRANCE;001109089;1;OLD SKOOL VANS;4;CHAUSSURES;0;CHAUSSURE HOMME;0;SKATE SHOES H;H19;VNOA4BV5;;MANGUE;;;38;0;9001109089065;;90.00;90.00;1;20
VF;VANS FRANCE;001109089;1;OLD SKOOL VANS;4;CHAUSSURES;0;CHAUSSURE HOMME;0;SKATE SHOES H;H19;VNOA4BV5;;MANGUE;;;38D;0;9001109089072;;90.00;90.00;1;20
VF;VANS FRANCE;001109089;1;OLD SKOOL VANS;4;CHAUSSURES;0;CHAUSSURE HOMME;0;SKATE SHOES H;H19;VNOA4BV5;;MANGUE;;;39;0;9001109089089;;90.00;90.00;1;20
VF;VANS FRANCE;001109089;1;OLD SKOOL VANS;4;CHAUSSURES;0;CHAUSSURE HOMME;0;SKATE SHOES H;H19;VNOA4BV5;;MANGUE;;;40;0;9001109089096;;90.00;90.00;1;20
VF;VANS FRANCE;001109089;1;OLD SKOOL VANS;4;CHAUSSURES;0;CHAUSSURE HOMME;0;SKATE SHOES H;H19;VNOA4BV5;;MANGUE;;;40D;0;9001109089102;;90.00;90.00;1;20
VF;VANS FRANCE;001109089;1;OLD SKOOL VANS;4;CHAUSSURES;0;CHAUSSURE HOMME;0;SKATE SHOES H;H19;VNOA4BV5;;MANGUE;;;41;0;9001109089119;;90.00;90.00;1;20
VF;VANS FRANCE;001109089;1;OLD SKOOL VANS;4;CHAUSSURES;0;CHAUSSURE HOMME;0;SKATE SHOES H;H19;VNOA4BV5;;MANGUE;;;42;0;9001109089126;;90.00;90.00;1;20
VF;VANS FRANCE;001109089;1;OLD SKOOL VANS;4;CHAUSSURES;0;CHAUSSURE HOMME;0;SKATE SHOES H;H19;VNOA4BV5;;MANGUE;;;42D;0;9001109089133;;90.00;90.00;1;20
VF;VANS FRANCE;001109089;1;OLD SKOOL VANS;4;CHAUSSURES;0;CHAUSSURE HOMME;0;SKATE SHOES H;H19;VNOA4BV5;;MANGUE;;;43;0;9001109089140;;90.00;90.00;1;20
VF;VANS FRANCE;001109089;1;OLD SKOOL VANS;4;CHAUSSURES;0;CHAUSSURE HOMME;0;SKATE SHOES H;H19;VNOA4BV5;;MANGUE;;;44;0;9001109089157;;90.00;90.00;1;20
VF;VANS FRANCE;001109089;1;OLD SKOOL VANS;4;CHAUSSURES;0;CHAUSSURE HOMME;0;SKATE SHOES H;H19;VNOA4BV5;;MANGUE;;;44D;0;9001109089164;;90.00;90.00;1;20
VF;VANS FRANCE;001109089;1;OLD SKOOL VANS;4;CHAUSSURES;0;CHAUSSURE HOMME;0;SKATE SHOES H;H19;VNOA4BV5;;MANGUE;;;45;0;9001109089171;;90.00;90.00;1;20
VF;VANS FRANCE;001109089;1;OLD SKOOL VANS;4;CHAUSSURES;0;CHAUSSURE HOMME;0;SKATE SHOES H;H19;VNOA4BV5;;MANGUE;;;45D;0;9001109089188;;90.00;90.00;1;20
VF;VANS FRANCE;001109089;1;OLD SKOOL VANS;4;CHAUSSURES;0;CHAUSSURE HOMME;0;SKATE SHOES H;H19;VNOA4BV5;;MANGUE;;;47;0;9001109089195;;90.00;90.00;1;20
VF;VANS FRANCE;001109089;1;OLD SKOOL VANS;4;CHAUSSURES;0;CHAUSSURE HOMME;0;SKATE SHOES H;H19;VNOA4BV5;;MANGUE;;;48;0;9001109089201;;90.00;90.00;1;20
WANIKO;wanikou;001088630;1;;6;GLISSE MER;6;KITESURF;2;ACCESSOIRE KITE;E19;BLADDER;;COLLE;;;TU;8;9001088630012;;12.00;12.00;1;20
